# x_m,y_m,w_tr_right_m,w_tr_left_m
-33.89121027,-123.5486972,6.241145371,8.298031877
-33.51657264,-120.5866699,6.191538499,8.377195105
-33.14193332,-117.6246429,6.141936294,8.45520047
-32.76729382,-114.6626159,6.092356296,8.531191215
-32.39265416,-111.7005889,6.04278403,8.605298293
-32.01801383,-108.738562,5.993227166,8.678243085
-31.6433733,-105.7765352,5.943681404,8.748679815
-31.26873279,-102.8145083,5.89414439,8.818349955
-30.89409208,-99.85248144,5.844620376,8.88568566
-30.51945049,-96.8904547,5.795101435,8.95195822
-30.14480937,-93.92842791,5.745595468,9.016661609
-29.77016672,-90.9664013,5.696094108,9.079771965
-29.3955247,-88.00437463,5.646600646,9.141973353
-29.02088122,-85.04234813,5.59711262,9.20214433
-28.64623702,-82.08032172,5.547630173,9.261651513
-28.27159391,-79.11829518,5.498150365,9.319403123
-27.89694919,-76.15626884,5.448674378,9.376239793
-27.52230439,-73.19424251,5.399201048,9.431906521
-27.14765921,-70.23221623,5.349728677,9.486306698
-26.77301317,-67.27019005,5.300254905,9.540019924
-26.39828081,-64.3081748,5.250858135,9.592090561
-26.02313977,-61.34621129,5.201853776,9.643178314
-25.64694733,-58.38438113,5.153882748,9.691926297
-25.26877498,-55.42280319,5.107881759,9.737923304
-24.8875578,-52.46161573,5.064929403,9.780005108
-24.50230726,-49.50095046,5.026037597,9.817114543
-24.11226558,-46.5409127,4.991975094,9.848921255
-23.71696302,-43.58157302,4.963230191,9.874434936
-23.31623377,-40.62296335,4.939969119,9.894132488
-22.91015247,-37.66508351,4.922120476,9.907679591
-22.49897646,-34.70790753,4.909422322,9.915668713
-22.08308005,-31.75139167,4.901491957,9.918411583
-21.66290529,-28.79548073,4.897885147,9.916340895
-21.23892075,-25.84011377,4.898116819,9.910138421
-20.8115894,-22.8852288,4.901727088,9.900041611
-20.38136695,-19.93076331,4.908241867,9.886819662
-19.94869085,-16.97665612,4.91722607,9.870759399
-19.51399366,-14.02284563,4.928235477,9.852462914
-19.07770312,-11.06927005,4.940837039,9.832359835
-18.64024009,-8.115867872,4.954607173,9.810916625
-18.20199664,-5.162581296,4.969141063,9.788597618
-17.76330454,-2.209361421,4.984115309,9.765761909
-17.32441019,0.743828454,4.999263486,9.742715425
-16.88546051,3.697010128,5.014453409,9.719667293
-16.44650333,6.650190703,5.029624861,9.696702766
-16.0075533,9.603372278,5.044769074,9.673865102
-15.5686088,12.55655475,5.059885374,9.651258394
-15.12966247,15.50973683,5.07497662,9.628793636
-14.69071606,18.462919,5.09004925,9.606724286
-14.25176931,21.41610108,5.105088188,9.584890612
-13.81282374,24.36928335,5.120108456,9.563485637
-13.37387276,27.32246482,5.135097349,9.542477853
-12.93492393,30.2756466,5.150061191,9.52188111
-12.49597533,33.22882837,5.164993603,9.501890987
-12.05703064,36.18201085,5.179861389,9.482273925
-11.61808267,39.13519272,5.194665317,9.463488645
-11.17913304,42.0883744,5.208891616,9.445213286
-10.7401877,45.04155667,5.222689995,9.427698366
-10.30124317,47.99473915,5.234723611,9.410922411
-9.862295894,50.94792112,5.245520629,9.394823473
-9.423347809,53.901103,5.25379051,9.379665013
-8.984401815,56.85428517,5.259634527,9.36507698
-8.54545612,59.80746745,5.262567338,9.351570252
-8.106510166,62.76064962,5.26165446,9.33875381
-7.667560992,65.7138314,5.257609275,9.326761136
-7.228609117,68.66701267,5.248114326,9.315595816
-6.789658682,71.62019424,5.235141304,9.305129559
-6.350708218,74.57337582,5.215367583,9.295618371
-5.911757314,77.52655729,5.190561673,9.286713301
-5.472801308,80.47973797,5.159437036,9.278833757
-5.033847833,83.43291904,5.122819885,9.271692799
-4.59489463,86.38610022,5.08189251,9.265355593
-4.155936905,89.33928069,5.038537685,9.259863406
-3.71697831,92.29246097,4.994333349,9.255067431
-3.278022136,95.24564164,4.952809544,9.251155823
-2.839061252,98.19882172,4.9142007,9.247733963
-2.400098416,101.1520014,4.882740253,9.243111017
-1.961141512,104.105182,4.859114987,9.236211331
-1.522179808,107.0583618,4.845449997,9.224507341
-1.083225553,110.0115428,4.84521846,9.205414757
-0.643344319,112.9645858,4.858152032,9.178013929
-0.198369357,115.9168633,4.896347964,9.132859719
0.260836691,118.8669491,4.964119368,9.065452551
0.747946257,121.8125224,5.087208481,8.954620206
1.279457325,124.7503446,5.272331471,8.792508142
1.872991677,127.6761702,5.524855232,8.56684797
2.546008647,130.5846142,5.835456389,8.275360176
3.315095642,133.4689876,6.217731558,7.933067108
4.19502428,136.3213276,6.619504452,7.541040453
5.198453742,139.1324196,7.030689307,7.115488763
6.336097705,141.8917567,7.475324937,6.670636208
7.616528979,144.587657,7.863354176,6.228680254
9.045900355,147.2075147,8.20225464,5.818617654
10.62813456,149.7378849,8.518797221,5.481964548
12.36493392,152.1646828,8.739459515,5.217418604
14.25604024,154.4732076,8.931788885,5.065572247
16.29973647,156.6477995,9.028203996,4.94996099
18.49317443,158.6712943,9.037123842,4.934559799
20.83035571,160.5270872,9.066973909,4.873916406
23.30049284,162.2022378,8.983612947,4.93998775
25.88605297,163.6937433,8.903835067,4.90324021
28.56937313,165.0019408,8.864700136,5.086658264
31.33705478,166.1209784,8.655552489,5.127778722
34.17286779,167.0536578,8.468678717,5.455238416
37.06188859,167.8049744,8.193794364,5.665578013
39.99146631,168.3777901,7.77786308,6.125423243
42.94991782,168.7754415,7.371651713,6.511686485
45.92638369,169.0026604,6.895606576,7.121817962
48.91097293,169.0653603,6.448981252,7.634647405
51.89483028,168.9702959,6.081626959,8.221838877
54.87037723,168.7271342,5.736192902,8.681012253
57.8320118,168.3501232,5.480360367,9.030866061
60.77647136,167.8563094,5.289232155,9.272856183
63.70306762,167.2656372,5.136526854,9.387040324
66.61353686,166.5999761,5.044376575,9.425017217
69.5112741,165.8808949,4.970060747,9.391928764
72.40062814,165.1288373,4.927994703,9.325043702
75.28579405,164.3608697,4.89818527,9.241849685
78.16966715,163.5880606,4.890182774,9.163811369
81.05357614,162.8153846,4.893835438,9.090889934
83.93820504,162.0454013,4.933014368,9.030067071
86.82411656,161.2802393,4.977968443,8.97555725
89.71160709,160.5210583,5.054633253,8.929275653
92.60076153,159.7682346,5.132241906,8.887420228
95.49150178,159.021523,5.224697068,8.849243216
98.38378006,158.2807912,5.31878396,8.808767684
101.2774684,157.5455872,5.416476053,8.770516106
104.1724758,156.8155942,5.512345762,8.725140459
107.068688,156.0903958,5.605166999,8.681467477
109.9660107,155.3696467,5.688853037,8.634544895
112.8643497,154.6529958,5.766667806,8.587449079
115.7636459,153.940227,5.831675348,8.540251509
118.6638233,153.2310519,5.889678026,8.492243082
121.5648019,152.5251618,5.937027946,8.445958018
124.4665454,151.8224225,5.975494828,8.399618679
127.3689908,151.1225879,6.005394136,8.355730731
130.2720731,150.4253994,6.024450419,8.313789926
133.1757909,149.7308628,6.03701851,8.275150918
136.0800872,149.0387491,6.036386809,8.239581729
138.9849215,148.3488972,6.029863999,8.209067514
141.8902907,147.6613013,6.010872196,8.182181168
144.7961429,146.9757495,5.984490831,8.16241519
147.7024883,146.2922917,5.948332556,8.147441878
150.6093174,145.6108941,5.904242523,8.138846261
153.5166476,144.9316377,5.853835734,8.136505598
156.4245256,144.2547305,5.796589644,8.139449535
159.3329956,143.5803713,5.73514845,8.150239111
162.2421644,142.9090335,5.668967315,8.166400455
165.1521758,142.2413582,5.599211275,8.191419711
168.0631574,141.5779258,5.526537535,8.223710933
170.9752256,140.9192803,5.451429671,8.264572878
173.888393,140.2655135,5.374467439,8.313259606
176.8025925,139.6163626,5.298632369,8.368278066
179.7176133,138.9709087,5.222793705,8.425969764
182.6331923,138.3279804,5.154548867,8.484734496
185.5490795,137.6864507,5.0893245,8.539205365
188.4651039,137.0455451,5.034618385,8.588364708
191.3811488,136.4047324,4.985467851,8.629847517
194.2971999,135.7639479,4.944616481,8.658950776
197.2132493,135.1231557,4.910700619,8.680057975
200.1292467,134.4821271,4.883048306,8.680182452
203.0447944,133.8390568,4.865400805,8.668403573
205.9586522,133.1883814,4.859695401,8.629607756
208.8682096,132.518788,4.882906064,8.567531933
211.7694751,131.8142637,4.947695392,8.470963535
214.6576798,131.0581746,5.074281035,8.337247394
217.5279974,130.2369898,5.263978355,8.155031125
220.3760097,129.3416609,5.525094476,7.933853141
223.197778,128.3668814,5.817752423,7.65822359
225.9897581,127.3098778,6.155275893,7.359922588
228.7486223,126.1692903,6.492297924,7.0084075
231.4712097,124.944675,6.814603268,6.671060688
234.1543162,123.6358521,7.14230865,6.303407103
236.7944772,122.2424581,7.403629444,5.974771778
239.3880373,120.7641513,7.651489887,5.651087926
241.9310228,119.2004634,7.856318344,5.38901094
244.4193357,117.5511677,8.009054,5.167728309
246.8485656,115.8160285,8.153725974,5.023781418
249.2144708,113.9954758,8.199525435,4.933745074
251.5131714,112.0907481,8.235318583,4.899930115
253.7407848,110.1033241,8.218824774,4.915095201
255.8936254,108.0351069,8.168387503,4.956240819
257.9699189,105.8900031,8.127617683,5.04943349
259.9694536,103.6731215,8.006871622,5.149065986
261.8912845,101.3885137,7.904440987,5.326989782
263.7337597,99.03941325,7.75008988,5.494376394
265.4951691,96.62891153,7.56364745,5.773874688
267.1742936,94.16036991,7.380834272,6.020732464
268.7701851,91.63721039,7.085637234,6.397562005
270.2822957,89.06296566,6.799631742,6.727760591
271.7101065,86.44103653,6.453076156,7.120092643
273.0534478,83.77485989,6.094315889,7.461003077
274.3123049,81.06778225,5.767611091,7.790795326
275.4870532,78.32316451,5.437854836,8.057104587
276.5787832,75.54448046,5.175099732,8.264030819
277.5895738,72.7353355,4.972666446,8.388693782
278.5233766,69.89965392,4.855911919,8.429553334
279.3864455,67.04162571,4.82095303,8.389902282
280.1871299,64.16546824,4.875663772,8.279109481
280.9351092,61.27512739,4.996671497,8.106541182
281.6401111,58.37398055,5.181706216,7.885319263
282.3114776,55.46484748,5.411245435,7.62680651
282.9579698,52.55007237,5.676629649,7.342084397
283.5875922,49.6315979,5.967584121,7.044247206
284.2072166,46.71097966,6.273414988,6.74154255
284.8225382,43.78944992,6.588578131,6.440738173
285.4390837,40.86817808,6.902897769,6.147327622
286.0644809,37.94879222,7.206978335,5.865437117
286.708306,35.03342612,7.489076207,5.605185745
287.3811675,32.12464515,7.73714863,5.375039222
288.0932904,29.22525449,7.94185684,5.184813636
288.8531569,26.33803791,8.095660716,5.041128144
289.6670222,23.46560121,8.200802563,4.951782639
290.5389487,20.61027208,8.254861038,4.913739228
291.471142,17.7740592,8.269772845,4.930150523
292.464416,14.95866378,8.239812649,4.994979711
293.5187417,12.16556242,8.187072145,5.098002751
294.6335622,9.396053319,8.097059273,5.244094865
295.8079923,6.651292279,8.003854167,5.401181428
297.0410783,3.9323782,7.886409465,5.577518417
298.3320125,1.240450887,7.778052683,5.759260724
299.6799872,-1.42337036,7.662046698,5.927791466
301.0843943,-4.057872839,7.552853,6.099663297
302.5448522,-6.661717248,7.444295406,6.225470732
304.0612277,-9.233392887,7.338453732,6.320074671
305.633558,-11.77123726,7.236298302,6.387832426
307.2618627,-14.27352966,7.133638476,6.416764379
308.9459247,-16.73863769,7.036562913,6.442649052
310.6853518,-19.16499185,6.937507976,6.448195375
312.4795046,-21.55116274,6.846234899,6.451297992
314.3276746,-23.89574114,6.753172893,6.475854059
316.2291956,-26.19725927,6.670029334,6.513055932
318.1834669,-28.45415239,6.585838842,6.582363297
320.1898817,-30.66481412,6.512929999,6.660714414
322.247806,-32.82760103,6.440935005,6.7447598
324.3565911,-34.94082206,6.379234146,6.843875568
326.5154649,-37.00284091,6.326067507,6.931644444
328.7235394,-39.01208197,6.272230923,7.023862636
330.9798987,-40.96693815,6.223999205,7.096868227
333.2835395,-42.86584462,6.171282752,7.149097249
335.6332596,-44.70742436,6.120554301,7.209654497
338.0275294,-46.49070643,6.062777761,7.258040457
340.4644451,-48.21526517,6.005213308,7.314798256
342.9419404,-49.88101502,5.940388865,7.370633792
345.4580567,-51.48784157,5.876205633,7.423071247
348.0111428,-53.03525637,5.805534056,7.493349152
350.599727,-54.52252779,5.735861482,7.561731744
353.2223326,-55.94895427,5.659837941,7.642622829
355.8774044,-57.3140038,5.585558333,7.722798708
358.5632913,-58.61738428,5.505247707,7.797306285
361.2783485,-59.85886308,5.428553279,7.883487455
364.0209574,-61.03823646,5.350999214,7.959292953
366.7895322,-62.15530095,5.275067242,8.040916936
369.5825255,-63.20983586,5.202477375,8.11050254
372.3984081,-64.2016389,5.13268214,8.16605541
375.235663,-65.13054693,5.070061263,8.224239215
378.0927807,-65.99644418,5.013595063,8.260913767
380.9682598,-66.79927529,4.969449806,8.296794749
383.8606145,-67.53901779,4.934182992,8.308922799
386.7683777,-68.21567524,4.917904346,8.304860323
389.6901023,-68.8292665,4.912031576,8.301735593
392.6243533,-69.37986629,4.933132538,8.282256518
395.569719,-69.86753968,4.96401751,8.27159113
398.5248035,-70.29239099,5.026585512,8.247123287
401.4882258,-70.65456271,5.092282611,8.222640417
404.458621,-70.95424661,5.190752646,8.205254154
407.4346444,-71.19164781,5.288013272,8.174248955
410.4149708,-71.36699165,5.411417517,8.152740178
413.3982931,-71.48054265,5.533781882,8.096533907
416.3833243,-71.53259536,5.671027018,8.025765702
419.3687976,-71.52348558,5.807807011,7.938275286
422.3534687,-71.45359202,5.951707405,7.809764744
425.3361159,-71.3233146,6.097001077,7.67285372
428.3155462,-71.13314874,6.242241599,7.47786542
431.2905968,-70.88365075,6.391387592,7.263624603
434.2601418,-70.5754507,6.533814503,7.039038204
437.2231101,-70.20936989,6.682680262,6.798933743
440.1784975,-69.78640684,6.819589065,6.571781318
443.1253897,-69.30780336,6.965434845,6.33981858
446.0630005,-68.77515781,7.096621237,6.123628931
448.9907138,-68.19051481,7.237162677,5.929548583
451.9081298,-67.55643586,7.368782268,5.753095078
454.8151349,-66.8761651,7.496685094,5.603588815
457.711949,-66.15366822,7.617531785,5.471609973
460.599164,-65.39365578,7.731019799,5.361353547
463.4777635,-64.60157657,7.839721866,5.272113016
466.3491085,-63.78353544,7.942264834,5.199149547
469.2148464,-62.94602081,8.042975107,5.140475355
472.0767538,-62.09548214,8.1416416,5.091584801
474.9364752,-61.23760951,8.239334796,5.049274146
477.7952407,-60.37655337,8.336075451,5.013556635
480.6538095,-59.51484419,8.42689634,4.984136637
483.5127687,-58.65443142,8.510959372,4.961603918
486.3728393,-57.7977239,8.587808557,4.948187811
489.23489,-56.94766099,8.656480778,4.940459337
492.0997553,-56.10714096,8.721373059,4.942696665
494.9680608,-55.27844382,8.778366984,4.94974125
497.8402341,-54.46325984,8.832458572,4.962805338
500.7165371,-53.66277354,8.877334494,4.979089926
503.597137,-52.87789461,8.913808994,4.993486316
506.4821787,-52.10950853,8.943678022,5.00625745
509.3717832,-51.35846905,8.961613448,5.012497722
512.2660544,-50.62562424,8.972535978,5.013792276
515.1650892,-49.91186239,8.967747251,5.005970823
518.068962,-49.21805219,8.955344578,4.99493766
520.9777246,-48.54504287,8.926060515,4.979416689
523.8914172,-47.89371579,8.884000489,4.960573449
526.8100604,-47.26495205,8.836109145,4.941389086
529.7336471,-46.65959803,8.778785514,4.919951381
532.6621427,-46.07846423,8.720424668,4.902467108
535.5954786,-45.5222849,8.656049248,4.883993235
538.533542,-44.99165099,8.594544294,4.874434987
541.4761748,-44.48697491,8.530527466,4.86786764
544.4231726,-44.00844747,8.467723805,4.870710378
547.3742936,-43.55604134,8.410703673,4.881152822
550.3292727,-43.12955691,8.356562167,4.894231896
553.2878332,-42.7286627,8.31052708,4.91336893
556.2496997,-42.35296675,8.267835618,4.932176505
559.2146064,-42.00206132,8.23385826,4.95529503
562.1822944,-41.67550344,8.201617997,4.97548251
565.1525166,-41.37285259,8.172398363,4.998052584
568.1250389,-41.09368588,8.147595066,5.019350639
571.0996358,-40.83755701,8.122766836,5.037971293
574.0760945,-40.60404949,8.101409569,5.057225466
577.0542125,-40.39274077,8.077020624,5.075339991
580.0337954,-40.20319277,8.055125271,5.098913705
583.0146593,-40.03497364,8.02720998,5.123810921
585.9966304,-39.88766551,7.995056885,5.159475095
588.9795441,-39.76085067,7.960565444,5.201732709
591.9632445,-39.65411714,7.918836483,5.256777513
594.947584,-39.56703891,7.873909974,5.325757972
597.9324233,-39.49919928,7.818738738,5.405426388
600.9176319,-39.45019552,7.759534052,5.500382955
603.9030868,-39.41961481,7.688038377,5.60340369
606.8886724,-39.40704763,7.607334994,5.719327055
609.8742807,-39.41209444,7.520909065,5.84093605
612.8598108,-39.43436559,7.425901798,5.971722785
615.845169,-39.47343262,7.32780442,6.109565631
618.8302683,-39.52887791,7.222819872,6.248990604
621.815029,-39.60029202,7.116330009,6.392471364
624.7993776,-39.68725691,7.005034874,6.534986004
627.7832471,-39.78935886,6.890924906,6.678321696
630.7665774,-39.90617396,6.776890302,6.818675078
633.7493149,-40.03726811,6.661003577,6.95785752
636.7314113,-40.18222466,6.547438622,7.095692895
639.712825,-40.34061359,6.434226011,7.229896495
642.6935211,-40.51198487,6.324298226,7.362947443
645.6734701,-40.69589824,6.216698722,7.492414532
648.6526505,-40.8918784,6.111900363,7.620450532
651.6310455,-41.09945766,6.011001132,7.745483775
654.6086435,-41.31817919,5.912178114,7.86864934
657.585439,-41.54756924,5.817681769,7.990641616
660.5614323,-41.78714917,5.725576129,8.109432971
663.5366283,-42.03643821,5.637134687,8.227171494
666.5110356,-42.29497165,5.551473104,8.341496202
669.4846626,-42.56233417,5.46861951,8.453441427
672.4575136,-42.83819351,5.389280658,8.561569978
675.4295861,-43.1223191,5.31211868,8.665288202
678.4008552,-43.41472532,5.239613941,8.76417906
681.3712628,-43.7157533,5.170954785,8.85582755
684.3407179,-44.02603017,5.108231586,8.939451306
687.3091,-44.34640334,5.052141235,9.012735922
690.2762824,-44.67769861,5.004074268,9.074089741
693.2421701,-45.02038898,4.965195137,9.122212185
696.2067188,-45.37448027,4.935109369,9.156063931
699.1699604,-45.73935358,4.914739778,9.174913224
702.1319984,-46.11388325,4.902535695,9.180424054
705.0930017,-46.49651474,4.897844907,9.172253544
708.0531832,-46.88545971,4.898944908,9.154382206
711.0127726,-47.27888831,4.904407173,9.127535506
713.9719933,-47.67508375,4.912715167,9.094458459
716.9310579,-48.0724444,4.922489011,9.056919122
719.8901504,-48.46959772,4.932473691,9.016016625
722.8494266,-48.86537696,4.941900542,8.974314389
725.8090234,-49.25875195,4.949656016,8.931929267
728.7690456,-49.64891096,4.955385769,8.89119793
731.7295753,-50.03519904,4.958442145,8.852386065
734.6906676,-50.4171505,4.95861534,8.816581946
737.6523463,-50.79452717,4.956001402,8.784369748
740.6146036,-51.16733596,4.950408794,8.755763371
743.5774048,-51.5357979,4.943205068,8.731269061
746.5406766,-51.90045762,4.933873968,8.710371548
749.504326,-52.26203659,4.924584382,8.69280695
752.4682535,-52.62133034,4.915256345,8.678001941
755.4323596,-52.97914803,4.907578054,8.665472117
758.3965562,-53.33621558,4.902091613,8.654464798
761.3607863,-53.69300557,4.898919083,8.645078046
764.325023,-54.04973968,4.898756066,8.636541402
767.2892581,-54.40648703,4.900238013,8.629452338
770.2534919,-54.76324598,4.904512345,8.623419
773.2177237,-55.12002045,4.90980436,8.618742045
776.1819569,-55.47678437,4.916753871,8.615581529
779.1461913,-55.83353848,4.924492925,8.613627849
782.1104236,-56.19030891,4.933004745,8.613842601
785.074659,-56.54705481,4.941875022,8.615204866
788.0388935,-56.90380768,4.950823606,8.618723058
791.0031239,-57.26059425,4.959492685,8.623768683
793.9673574,-57.61735498,4.967708381,8.63073319
796.9315919,-57.97410821,4.974800776,8.639896307
799.8958252,-58.33087013,4.980916552,8.650566872
802.8600594,-58.68762605,4.985409671,8.66436449
805.8242895,-59.04441528,4.988096584,8.679537617
808.7885115,-59.40127127,4.989019403,8.697492564
811.752708,-59.75833994,4.987152218,8.717315775
814.7168436,-60.1159141,4.984033893,8.738949008
817.6808828,-60.47428505,4.977070599,8.762551546
820.6447748,-60.83387163,4.96927986,8.786393471
823.6084704,-61.19507374,4.958558442,8.811564092
826.5719214,-61.55827583,4.946902188,8.835544994
829.5350697,-61.92393996,4.934272971,8.858739608
832.497864,-62.29246028,4.921454702,8.879846069
835.4602467,-62.66427407,4.910114013,8.898368843
838.4221512,-63.03987792,4.899834121,8.913516564
841.3835001,-63.41983685,4.893186587,8.924383516
844.3441784,-63.80498363,4.890199365,8.929758533
847.3040227,-64.19648559,4.893441007,8.928403256
850.262805,-64.59592971,4.90449049,8.918218114
853.2202058,-65.00547086,4.926343151,8.896986497
856.1758323,-65.42761811,4.961657128,8.862122695
859.1292093,-65.86521676,5.014697543,8.810055407
862.079774,-66.32138073,5.088008475,8.738729462
865.0268814,-66.79935997,5.18842644,8.64293506
867.9697589,-67.3027133,5.318239992,8.523227953
870.9074863,-67.83528822,5.484764194,8.379443342
873.8389691,-68.40121336,5.693622797,8.214312702
876.7628973,-69.0049447,5.949056556,8.032372859
879.6776678,-69.65143317,6.264553804,7.839112269
882.5813496,-70.34602575,6.640216153,7.626397808
885.4716065,-71.09452097,7.094718801,7.419418878
888.3455771,-71.90331762,7.633436953,7.178102533
891.1998372,-72.77917777,8.26889778,6.966737968
894.0297306,-73.73084062,9.029487426,6.701737633
896.8303395,-74.76546118,9.902450071,6.493491684
899.5957777,-75.890647,10.89116052,6.243795935
902.3187137,-77.11507557,11.84670243,6.091092021
904.988854,-78.45058532,12.78145625,5.921737262
907.5940239,-79.90837613,13.4809487,5.89423775
910.1226704,-81.49460733,13.95953604,5.846199572
912.5600094,-83.21729937,14.29153809,5.927522391
914.8889668,-85.08348421,14.43119894,6.00069306
917.0899955,-87.09865516,14.56453157,6.115084105
919.1414317,-89.26577763,14.61563536,6.197562889
921.0202729,-91.58416278,14.623524,6.259822648
922.7027708,-94.04900898,14.66800439,6.203143481
924.1618211,-96.65277881,14.74039461,6.11132419
925.3497941,-99.39051723,14.70272589,5.835016123
926.2581113,-102.2321382,14.71847286,5.647460285
926.8615091,-105.1529195,14.78324764,5.34741572
927.1455736,-108.121719,14.81195927,5.160917325
927.1189844,-111.1048776,14.82060098,4.935856864
926.7894946,-114.0706386,14.82431338,4.907904178
926.1564214,-116.9868809,14.62160215,4.887264064
925.2672209,-119.834975,14.55080155,4.983727489
924.1382392,-122.5967714,14.36663737,5.188997671
922.7881458,-125.2578038,13.89080531,5.401075639
921.2300851,-127.8032981,13.25869612,5.556254606
919.4813356,-130.2225573,12.45246124,5.75420683
917.5552586,-132.5034246,11.74482243,5.965696394
915.4740602,-134.6434807,11.08331152,6.168387773
913.2599452,-136.6454915,10.14800756,6.399870201
910.9323014,-138.5143392,9.126916739,6.578224752
908.504672,-140.2515811,8.127281837,6.768596612
905.9933913,-141.8657535,7.211431112,6.926966197
903.4117669,-143.3650489,6.494042136,7.106741608
900.7719664,-144.7595231,5.938884399,7.278891088
898.0842645,-146.0593952,5.542530681,7.459605277
895.3573112,-147.274851,5.256573696,7.650586726
892.5982911,-148.4157027,5.072974626,7.82873393
889.8131116,-149.491153,4.968401802,8.013896693
887.0066686,-150.5098533,4.92935488,8.165416911
884.1828508,-151.4793692,4.937619379,8.29630091
881.3448653,-152.4066068,4.986552561,8.381736546
878.4952834,-153.2975775,5.055859049,8.398969207
875.6362603,-154.1577759,5.142081162,8.35987907
872.7695834,-154.9921151,5.234857345,8.243288217
869.8967581,-155.8050316,5.323242929,8.080360829
867.0191464,-156.6008381,5.41674323,7.879835278
864.1378875,-157.3833362,5.491350409,7.665745824
861.2540035,-158.1561038,5.567870646,7.443065244
858.3683597,-158.9222744,5.623884276,7.256476357
855.4817418,-159.6847673,5.672334403,7.092682784
852.5947086,-160.4456866,5.704293632,6.987618825
849.7075908,-161.2062846,5.720824163,6.934628681
846.8204602,-161.9668341,5.726530524,6.922607241
843.9333197,-162.7273463,5.713597364,6.968073858
841.0461759,-163.4878457,5.694713005,7.0327673
838.1590322,-164.2483451,5.657146648,7.140843194
835.271892,-165.0088583,5.61379342,7.261076024
832.3847569,-165.7693911,5.558108539,7.398908651
829.4976089,-166.5298746,5.494822368,7.543185156
826.6104694,-167.2903902,5.423952702,7.69123937
823.7233266,-168.0508934,5.346351616,7.835163
820.836177,-168.8113709,5.265578425,7.97571866
817.9490268,-169.571846,5.185431777,8.09997631
815.0618657,-170.3322795,5.10707652,8.210789205
812.1747583,-171.0929173,5.038178306,8.301034953
809.2878936,-171.8544755,4.977018863,8.362996935
806.4016139,-172.6182473,4.928174809,8.407376884
803.516331,-173.3857756,4.89452549,8.413282785
800.6324934,-174.1587152,4.871400627,8.408006212
797.75048,-174.9384278,4.873976191,8.373207182
794.870593,-175.7259569,4.882591063,8.327916722
791.9929592,-176.5216795,4.926005472,8.26834812
789.1176318,-177.325696,4.974792125,8.19555305
786.2445795,-178.1378053,5.046937403,8.118732575
783.3737354,-178.9576864,5.126950221,8.027552341
780.5050219,-179.7849921,5.219338356,7.935799579
777.6383643,-180.6193936,5.320592237,7.836399149
774.7736854,-181.4605639,5.426162507,7.735617646
771.9109048,-182.3081722,5.538925926,7.63334679
769.0499433,-183.161901,5.650664471,7.529652292
766.1907436,-184.0215117,5.765097047,7.428443501
763.3332048,-184.8866278,5.875764613,7.327714913
760.4772817,-185.7570631,5.982267202,7.231375938
757.6228939,-186.6325204,6.083101494,7.139683925
754.7699766,-187.5127575,6.177906813,7.054502934
751.9184676,-188.397547,6.266698947,6.975973287
749.0682901,-189.2866161,6.350214751,6.905589926
746.219371,-190.1797094,6.42805113,6.841262901
743.3716661,-191.0766673,6.501210433,6.7839276
740.5250877,-191.9771935,6.569211074,6.731379995
737.6795861,-192.8811167,6.632918612,6.683367991
734.8350803,-193.7881691,6.692271968,6.638717494
731.9915498,-194.698274,6.747522742,6.597121655
729.1488872,-195.6110869,6.799122533,6.556903567
726.3070581,-196.5264907,6.846963037,6.518446257
723.4659821,-197.4442296,6.891768915,6.479332456
720.6256273,-198.3641985,6.933092974,6.44041086
717.7859048,-199.2861171,6.97182152,6.400616683
714.9467614,-200.2098178,7.007734435,6.359970612
712.1081346,-201.1351047,7.041345383,6.319045336
709.2699735,-202.0618191,7.072743265,6.276961161
706.432206,-202.9897385,7.102157203,6.234782767
703.5947951,-203.9187476,7.129890129,6.191758985
700.7576749,-204.848644,7.15592916,6.148531375
697.9207808,-205.7792303,7.180842727,6.104964894
695.0840702,-206.7103756,7.204424372,6.061171265
692.2474716,-207.641862,7.227237368,6.017249961
689.4109499,-208.5735827,7.249282172,5.973277551
686.5744713,-209.5054346,7.270759865,5.929393641
683.7380024,-210.4373159,7.291821688,5.885864714
680.9015376,-211.3692094,7.312449161,5.842895427
678.0650596,-212.3010633,7.332845138,5.800716815
675.2285757,-213.2328992,7.35287062,5.760158919
672.3920909,-214.1647323,7.372681489,5.720960173
669.5556109,-215.0965796,7.392195505,5.684963271
666.7191152,-216.0283793,7.411570799,5.651219225
663.8826324,-216.9602186,7.430735337,5.621542628
661.0461458,-217.8920459,7.44977291,5.595733339
658.2096594,-218.8238741,7.468715038,5.574072659
655.3731834,-219.7557338,7.48755186,5.558136607
652.5367029,-220.6875798,7.506367301,5.546419234
649.7002263,-221.619438,7.525179516,5.542378804
646.8637522,-222.5513031,7.544012226,5.543620649
644.0272679,-223.4831378,7.56295542,5.55100814
641.1907774,-224.4149534,7.582023684,5.562181033
638.3542928,-225.3467873,7.601200226,5.574925766
635.5178117,-226.2786312,7.620562382,5.586318444
632.6813325,-227.2104812,7.640083666,5.59558315
629.844848,-228.1423152,7.659917523,5.597112384
627.0083605,-229.0741399,7.679985996,5.591253749
624.1718667,-230.0059454,7.700437814,5.573776837
621.3353638,-230.9377232,7.721253196,5.542311669
618.4988644,-231.8695119,7.742423941,5.496744741
615.6623969,-232.8013976,7.763924582,5.433050442
612.8261002,-233.7338031,7.785258389,5.356548224
609.9902348,-234.6675185,7.805746015,5.270492736
607.1550971,-235.6034414,7.824321553,5.181706799
604.3209559,-236.5423765,7.840374827,5.098519526
601.4879656,-237.4847782,7.853320537,5.026933412
598.6561388,-238.4306706,7.863152293,4.970550262
595.8253968,-239.3798047,7.870120819,4.937787657
592.9955665,-240.3316547,7.874669078,4.925104689
590.1664571,-241.285645,7.877436661,4.935657934
587.337901,-242.2412746,7.878829913,4.964986451
584.5097288,-243.1980402,7.879414051,5.006399519
581.6818484,-244.1556682,7.87937531,5.059133238
578.8541935,-245.1139616,7.878922121,5.118221116
576.026684,-246.0726843,7.878264696,5.181037361
573.1992787,-247.0317137,7.877443244,5.24485486
570.3719637,-247.9910097,7.876498552,5.305003339
567.5447039,-248.9504684,7.875471811,5.358892032
564.717501,-249.9100944,7.87433153,5.404073063
561.8903488,-250.8698702,7.873055366,5.436969521
559.0632236,-251.8297251,7.871663025,5.458665307
556.2361393,-252.7897007,7.870083959,5.468181218
553.4090938,-253.7497904,7.868270384,5.468295029
550.582072,-254.7099501,7.86622128,5.460579697
547.7550695,-255.6701666,7.863935642,5.445677121
544.9280965,-256.6304697,7.861303111,5.427492094
542.1011488,-257.5908475,7.858342204,5.406456076
539.2742162,-258.5512696,7.855010113,5.384777348
536.4472891,-259.5117079,7.851356534,5.364343701
533.6203747,-260.472184,7.847404882,5.346511058
530.7934782,-261.4327123,7.84314758,5.333557077
527.966592,-262.3932711,7.838771029,5.327705424
525.1397042,-263.353825,7.834327112,5.328454041
522.3128276,-264.3144119,7.82987265,5.337395317
519.4859584,-265.2750208,7.825489454,5.352208572
516.6590762,-266.2355912,7.821296439,5.372240924
513.8322089,-267.1962058,7.817301579,5.396425864
511.0053622,-268.1568808,7.813564147,5.422571656
508.1785151,-269.1175547,7.810185336,5.450069707
505.3516785,-270.0782593,7.80730743,5.476951734
502.5248503,-271.0389886,7.80485692,5.501966543
499.6980296,-271.9997403,7.803050499,5.524051725
496.871213,-272.9605037,7.801849938,5.541823772
494.0444054,-273.921294,7.801392039,5.553991076
491.2176109,-274.8821223,7.80171082,5.561934509
488.390807,-275.8429235,7.802895595,5.564003156
485.5640091,-276.8037418,7.80524538,5.562560909
482.7372228,-277.7645944,7.808389682,5.556658433
479.9104338,-278.7254395,7.812831509,5.547264883
477.0836454,-279.6862858,7.818186124,5.534639879
474.2568631,-280.6471505,7.824630629,5.518487929
471.430076,-281.6080006,7.831961624,5.50024997
468.603288,-282.5688486,7.840061821,5.479125713
465.7765006,-283.529698,7.848953441,5.456503092
462.9497217,-284.4905724,7.858273856,5.432160728
460.1229244,-285.4513927,7.868282767,5.406619443
457.2961376,-286.4122439,7.878492192,5.380562115
454.4693401,-287.3730637,7.889043472,5.35443455
451.6425309,-288.333849,7.899731089,5.328992318
448.8157295,-289.2946573,7.910433051,5.305263791
445.9889286,-290.2554672,7.921044231,5.283493288
443.162121,-291.216257,7.931506915,5.264685632
440.3353003,-292.1770086,7.941627023,5.249499461
437.5084773,-293.1377533,7.95142845,5.238026681
434.6816573,-294.098507,7.960567037,5.232819702
431.8548292,-295.0592364,7.969195833,5.23102549
429.0279905,-296.0199351,7.977046282,5.235002121
426.2011555,-296.9806446,7.984036361,5.2421889
423.3743125,-297.9413303,7.990167314,5.253079918
420.5474529,-298.9019674,7.995085738,5.266966382
417.7205864,-299.862584,7.999145916,5.28281768
414.8937014,-300.8231466,8.001426494,5.301219216
412.0668019,-301.7836661,8.002787003,5.32032417
409.2398916,-302.7441539,8.002330071,5.340490709
406.4129657,-303.7045957,8.000489997,5.360667804
403.5860247,-304.6649932,7.99696012,5.380598715
400.7590682,-305.6253452,7.991570608,5.39952497
397.9320954,-306.585649,7.984856465,5.417383251
395.1050965,-307.5458762,7.975998901,5.432475513
392.278058,-308.5059864,7.966288747,5.445887746
389.4510082,-309.4660637,7.954566721,5.456169892
386.6239177,-310.4260209,7.942014584,5.464275121
383.7967976,-311.385891,7.928048147,5.470007644
380.9696529,-312.3456886,7.913034234,5.473213146
378.1424628,-313.3053525,7.897138082,5.474857843
375.3152485,-314.2649452,7.88008863,5.473540801
372.4880026,-315.2244448,7.862530491,5.471111685
369.6607164,-316.1838255,7.843788131,5.466492002
366.8333922,-317.1430942,7.824770936,5.460467457
364.0060256,-318.102238,7.804991003,5.452986326
361.178622,-319.0612729,7.784891328,5.443925563
358.3511823,-320.0202011,7.764368877,5.434033248
355.5236802,-320.9789451,7.743632218,5.422426873
352.6961451,-321.9375923,7.722743168,5.410270242
349.8685627,-322.8960997,7.701698549,5.397059353
347.0409313,-323.8544625,7.680738996,5.383229543
344.2132358,-324.8126363,7.65990051,5.368818125
341.3855068,-325.7707112,7.639226258,5.354243107
338.557704,-326.7285683,7.618920159,5.339559143
335.7298555,-327.6862902,7.598993499,5.32562036
332.9019224,-328.6437624,7.579589298,5.312093609
330.0739466,-329.6011088,7.560831876,5.299889123
327.2458916,-330.5582206,7.542594784,5.289083254
324.4177644,-331.5151195,7.525505896,5.279626372
321.589574,-332.4718315,7.508962272,5.273077216
318.7613031,-333.4283054,7.493714336,5.267707459
315.932959,-334.3845626,7.479357566,5.266761211
313.1045234,-335.3405498,7.466266579,5.26764417
310.2760038,-336.2962879,7.454570008,5.27254734
307.4473845,-337.2517308,7.443981626,5.281198287
304.6186782,-338.2069164,7.435395971,5.292967246
301.789869,-339.1617972,7.427709467,5.310998545
298.9609519,-340.116358,7.422443905,5.331231527
296.1319077,-341.0705424,7.418193738,5.35945376
293.3027347,-342.0243448,7.415844157,5.390402867
290.4734258,-342.977744,7.414841728,5.42690804
287.6439766,-343.9307266,7.415232358,5.467009246
284.8143932,-344.8833104,7.417192101,5.509585864
281.9846732,-345.8354889,7.420069166,5.555620888
279.1547797,-346.7871513,7.424786152,5.602112259
276.3247198,-347.7383188,7.430309418,5.650261395
273.4944699,-348.6889208,7.437424169,5.69788754
270.6640497,-349.6390155,7.445428727,5.745104149
267.8334386,-350.5885418,7.454631475,5.790472013
265.0026254,-351.537465,7.464899045,5.834400762
262.1715891,-352.4857222,7.476164182,5.873927381
259.3403101,-353.433255,7.488591982,5.911308909
256.5087948,-354.3800811,7.501870745,5.942249382
253.6770284,-355.3261559,7.5161937,5.969063943
250.8449857,-356.2714034,7.531403969,5.989568846
248.0126591,-357.2157999,7.547536172,6.002280749
245.1800457,-358.1593359,7.564488847,6.009908336
242.3471052,-359.1018891,7.582375848,6.005072198
239.5138275,-360.0434283,7.601044792,5.99529069
236.6802126,-360.9839522,7.620648764,5.972588985
233.8462253,-361.9233536,7.640862948,5.943629242
231.0118456,-362.8615702,7.662126686,5.906382919
228.1770447,-363.7985133,7.684008732,5.861974173
225.3418144,-364.7341562,7.706839644,5.812896563
222.5061101,-365.6683617,7.730496295,5.757201498
219.6699167,-366.601081,7.754947601,5.698587907
216.8332053,-367.5322238,7.780480653,5.636031335
213.9959437,-368.4616888,7.806586057,5.571557689
211.1580964,-369.389364,7.834141081,5.505296505
208.3196359,-370.3151608,7.862055722,5.438954482
205.4805251,-371.238962,7.891447587,5.371699171
202.6407379,-372.1606813,7.921614015,5.307397847
199.8002142,-373.0801287,7.953068001,5.243165945
196.958924,-373.9972045,7.985833101,5.183459523
194.1168236,-374.911766,8.019597482,5.126501849
191.2738697,-375.8236715,8.055265152,5.073622722
188.4300303,-376.7328111,8.091394617,5.027596345
185.5852422,-377.6389778,8.129288436,4.984191857
182.7394839,-378.5420931,8.165102804,4.952716428
179.8927115,-379.4420065,8.199487267,4.924594016
177.0449046,-380.3386409,8.229379342,4.908884466
174.1960285,-381.2318722,8.252084065,4.900868756
171.3460931,-382.1217179,8.269620768,4.902813776
168.4950864,-383.0081248,8.272328732,4.918639493
165.6430249,-383.8911324,8.270654193,4.941299751
162.789919,-384.7707598,8.249532733,4.982289476
159.9358079,-385.6471197,8.222827003,5.028879916
157.0807144,-386.5202738,8.183342873,5.089204007
154.2246901,-387.3903786,8.136017537,5.156467868
151.3677529,-388.2574813,8.080808973,5.231553449
148.5099481,-389.1217204,8.016550638,5.31472655
145.6513192,-389.9832296,7.948264929,5.401456827
142.7918988,-390.8421084,7.870624469,5.496263792
139.9317427,-391.6985338,7.790655504,5.592924621
137.0708778,-392.5525889,7.70404044,5.694104917
134.209341,-393.4043899,7.615233521,5.796640375
131.3471835,-394.254103,7.523223138,5.900426531
128.4844505,-395.1018753,7.429267122,6.00450199
125.6211682,-395.9477909,7.334436043,6.10779837
122.7573814,-396.7919961,7.238847919,6.209183823
119.893125,-397.6346073,7.143865431,6.308241012
117.0284628,-398.4758381,7.049976648,6.403289632
114.1634036,-399.3157155,6.957942208,6.493774558
111.2980156,-400.1544708,6.868810193,6.579300066
108.4323472,-400.992267,6.782993347,6.657264031
105.5664321,-401.8292196,6.700825615,6.730172065
102.7003457,-402.6655851,6.623568419,6.791713497
99.83415331,-403.5015873,6.549625044,6.846370149
96.96791506,-404.3374325,6.482234102,6.889841848
94.10166911,-405.173251,6.41849803,6.923764825
91.23552546,-406.0094206,6.361749125,6.949067596
88.3695653,-406.8462184,6.309794626,6.963848391
85.50387465,-407.6839389,6.263872328,6.972988401
82.63853959,-408.5228749,6.224405374,6.971262607
79.77369573,-409.3634863,6.189847489,6.964268485
76.90944866,-410.2061288,6.163369636,6.950498089
74.04592219,-411.0512167,6.140464428,6.93132917
71.18325181,-411.8991995,6.127388179,6.908435796
68.32161202,-412.7506531,6.118595782,6.880580526
65.46114212,-413.6060283,6.117525502,6.851684907
62.60203789,-414.4659564,6.122053186,6.818835065
59.74446142,-415.3309471,6.13206978,6.785727087
56.88862625,-416.2016683,6.147728993,6.752609486
54.03472118,-417.0786942,6.165423353,6.72022238
51.18294424,-417.9626141,6.18726622,6.690519429
48.33350431,-418.8540378,6.20800073,6.662780368
45.48658335,-419.7534725,6.230400175,6.63975135
42.64235233,-420.6613767,6.250440813,6.620459314
39.80094304,-421.5780727,6.267990236,6.606623173
36.962457,-422.5037803,6.281907622,6.59878649
34.12689978,-423.4384213,6.291239089,6.596668578
31.29424749,-424.3818299,6.296108022,6.60118052
28.46434798,-425.3334658,6.295521162,6.610934216
25.63696905,-426.2925662,6.290430544,6.626285043
22.81184078,-427.2582776,6.280352156,6.646067771
19.98855358,-428.2293604,6.266162284,6.66942403
17.16668936,-429.2045718,6.248370619,6.695488875
14.34581496,-430.1826438,6.227456982,6.722886984
11.52552277,-431.1623939,6.203957597,6.750959033
8.705518615,-432.1429729,6.178319338,6.778763977
5.885611417,-433.1238308,6.149849933,6.806157358
3.065725476,-434.1047498,6.119113102,6.833193537
0.245817176,-435.0856044,6.084996449,6.859972158
-2.574104823,-436.0664197,6.048210754,6.886792314
-5.394026334,-437.0472364,6.008815933,6.91404122
-8.213928394,-438.0281089,5.966930222,6.94181769
-11.03383145,-439.0089788,5.923159911,6.970685524
-13.85372841,-439.989866,5.877418179,7.000671497
-16.6736334,-440.9707302,5.830314706,7.032046555
-19.49354197,-441.9515841,5.781819713,7.064962278
-22.31344025,-442.9324675,5.732328089,7.099154833
-25.13334603,-443.9133295,5.682074348,7.134626513
-27.95325515,-444.8941818,5.631268037,7.170951414
-30.77316823,-445.8750227,5.580314395,7.208046095
-33.59308866,-446.8558425,5.529402419,7.245666881
-36.41301194,-447.8366541,5.478763723,7.283472049
-39.23294492,-448.8174378,5.428774849,7.321289197
-42.05288488,-449.7982015,5.379488926,7.358901322
-44.87282218,-450.7789727,5.331413925,7.396026873
-47.69275935,-451.7597445,5.284640405,7.432609999
-50.51269541,-452.7405193,5.239473303,7.468174449
-53.33263342,-453.7212886,5.196331503,7.50251587
-56.15256552,-454.7020748,5.15509507,7.5356294
-58.97249555,-455.682867,5.116454808,7.566987254
-61.79243675,-456.663627,5.080228232,7.596698367
-64.61239218,-457.6443463,5.047183107,7.624115365
-67.43235074,-458.6250564,5.017052122,7.649461432
-70.25230527,-459.6057782,4.990501679,7.672153847
-73.07227548,-460.5864548,4.968212776,7.691647815
-75.89224656,-461.567129,4.949344674,7.708617819
-78.71220319,-462.5478447,4.935024845,7.722624153
-81.53216035,-463.528559,4.924390845,7.734790769
-84.35212171,-464.5092611,4.917976347,7.746172847
-87.17207685,-465.489981,4.914896013,7.757989696
-89.99203464,-466.4706934,4.915029652,7.77208213
-92.81199264,-467.4514051,4.918236147,7.79019297
-95.63193933,-468.4321494,4.92350934,7.812780616
-98.45188364,-469.4129005,4.931257968,7.842522069
-101.2718363,-470.3936276,4.940323175,7.879361924
-104.0917891,-471.3743545,4.950860097,7.925982231
-106.9117264,-472.3551256,4.962139406,7.983495764
-109.731658,-473.3359134,4.973945046,8.052587944
-112.5515975,-474.3166784,4.985964233,8.137754232
-115.3715333,-475.2974539,4.997700001,8.233546631
-118.1914651,-476.2782412,5.008738061,8.342299206
-121.0113752,-477.2590908,5.018812936,8.458176404
-123.8312818,-478.2399502,5.027308918,8.578591226
-126.6511891,-479.2208077,5.034238157,8.700257987
-129.471088,-480.2016894,5.038868552,8.818978378
-132.2909759,-481.1826028,5.041036123,8.930431341
-135.1108535,-482.1635455,5.040384847,9.033627579
-137.9307353,-483.1444765,5.036090159,9.124509835
-140.7506086,-484.1254317,5.02869889,9.204198112
-143.5704827,-485.1063846,5.016178294,9.272133591
-146.3905341,-486.0868277,5.000715287,9.325303716
-149.2112042,-487.0654883,4.981616304,9.366683685
-152.0332901,-488.0400552,4.962085414,9.388075564
-154.8580651,-489.0067889,4.945387258,9.39172458
-157.6874802,-489.9598268,4.937294978,9.368193793
-160.5245216,-490.8898362,4.950429074,9.311390968
-163.3737211,-491.7816778,5.000876737,9.220805978
-166.2411676,-492.6125044,5.120387081,9.099130524
-169.1333709,-493.351459,5.348891867,8.950310055
-172.0555854,-493.9591067,5.744925,8.821937877
-175.0084936,-494.38907,6.389394928,8.610203061
-177.9851836,-494.5891557,7.358364162,8.274383329
-180.9665571,-494.5074506,8.559519361,7.768445545
-183.9205634,-494.0866831,9.615092548,6.931630847
-186.7877222,-493.2695023,10.20995618,5.763717304
-189.4841681,-492.0046428,10.23884351,4.930142484
-191.9286892,-490.3029168,10.08797121,4.766404649
-193.9742193,-488.1394469,9.663409885,4.459342065
-195.5486378,-485.6115305,8.903035055,5.352965016
-196.6735643,-482.8550591,7.716640978,6.056260085
-197.3744016,-479.9615848,6.619716903,6.711296777
-197.659999,-476.9961503,5.895199938,7.332300949
-197.559672,-474.0169551,5.619284427,7.663203582
-197.1272513,-471.0660812,5.712300804,7.726055967
-196.4321882,-468.1643127,6.064218614,7.535675497
-195.5553712,-465.3109831,6.559766668,7.10693015
-194.5824542,-462.488374,7.11980485,6.522685279
-193.5991735,-459.6694172,7.682327852,5.891613747
-192.6875692,-456.8269762,8.237972431,5.333122511
-191.9206041,-453.9428832,8.662828845,4.937178323
-191.3597582,-451.0124155,8.923316692,4.741394308
-191.0513717,-448.0452482,8.999278051,4.788357304
-191.0313257,-445.0624626,8.846456972,5.105347082
-191.3298169,-442.0946087,8.41153292,5.820485881
-191.97209,-439.1816927,7.733868917,6.988936749
-192.9794445,-436.3739054,6.810518248,8.251474418
-194.3548272,-433.7271411,5.607275533,8.713912272
-196.0778425,-431.2926097,5.203488115,8.752675467
-198.0876636,-429.0895196,5.205424466,8.271992045
-200.3325269,-427.1272756,5.592508834,7.657726979
-202.7715707,-425.4120605,6.316704515,7.022246417
-205.3650419,-423.939649,6.960460993,6.258438894
-208.0748659,-422.6918727,7.584549029,5.610768085
-210.8655703,-421.6343795,7.956395939,5.198539153
-213.7074086,-420.7208223,8.062471235,4.996146827
-216.5781111,-419.9011329,8.045938318,4.917721634
-219.4634438,-419.1339842,7.95563867,4.903510743
-222.3553477,-418.3918224,7.91381748,4.909433716
-225.2495214,-417.6585315,7.961358099,4.919561841
-228.1441423,-416.9270068,8.045585595,4.931625597
-231.0387685,-416.1955027,8.155023848,4.949820223
-233.9333483,-415.4638153,8.250149972,4.979928955
-236.8278845,-414.7319556,8.326521375,5.025500311
-239.7223747,-413.9999138,8.379876314,5.09380388
-242.6168629,-413.2678638,8.415893491,5.173308414
-245.5113399,-412.53577,8.428181222,5.261010174
-248.4057528,-411.8034224,8.428128717,5.344350291
-251.2999009,-411.07003,8.410825499,5.41234854
-254.1933508,-410.3338899,8.384329011,5.451677808
-257.0855858,-409.5929944,8.349380059,5.46341819
-259.9760646,-408.8452812,8.310547879,5.436687292
-262.8642486,-408.0887582,8.272070213,5.3903224
-265.7495969,-407.3214979,8.234906634,5.324133036
-268.6315536,-406.5416017,8.20593099,5.247949225
-271.5095929,-405.747378,8.184133365,5.168241179
-274.3832001,-404.937273,8.172675111,5.094343479
-277.2517901,-404.1095856,8.170010545,5.027810448
-280.1147953,-403.26279,8.176628402,4.986309928
-282.9716646,-402.3955262,8.192583894,4.952106874
-285.8218335,-401.5064965,8.213413906,4.937610713
-288.6647612,-400.5945832,8.244680839,4.930682322
-291.4999491,-399.6588875,8.277798834,4.932912896
-294.3270245,-398.6989612,8.319534585,4.943224438
-297.1457157,-397.7146882,8.363379257,4.954531007
-299.9558268,-396.7061793,8.410404179,4.977727614
-302.7572149,-395.6736861,8.460052765,4.995769984
-305.5497418,-394.617461,8.503862476,5.020987477
-308.3332487,-393.5376879,8.551254138,5.041846688
-311.1076023,-392.4346092,8.588358294,5.064478266
-313.8726491,-391.3084033,8.625691895,5.085335607
-316.6282535,-390.1592875,8.653849378,5.103787835
-319.37424,-388.9873733,8.67509555,5.12345083
-322.110465,-387.7928453,8.689210403,5.136791603
-324.8367334,-386.5757649,8.686056295,5.153633359
-327.5528562,-385.336208,8.680504045,5.162067698
-330.2586689,-384.074304,8.657602639,5.170325897
-332.9539579,-382.7900766,8.632816925,5.172660392
-335.6385177,-381.483569,8.598145958,5.171585163
-338.3121566,-380.1548565,8.558460669,5.166969893
-340.9746328,-378.8039156,8.51584354,5.155826149
-343.6257249,-377.4307693,8.463242283,5.14541258
-346.2652084,-376.0354396,8.414131918,5.126146661
-348.8928285,-374.6178958,8.356994487,5.108072234
-351.5083516,-373.1781548,8.30426914,5.083746375
-354.111518,-371.7161904,8.249995711,5.059751086
-356.7020734,-370.2319958,8.19821717,5.033947033
-359.2796837,-368.7254318,8.151025103,5.006996258
-361.844107,-367.1965295,8.103027353,4.983884047
-364.3950679,-365.6452709,8.06447371,4.957845457
-366.9322169,-364.0715241,8.025883022,4.942469771
-369.4552784,-362.4752903,7.99602652,4.923412276
-371.9639309,-360.8565067,7.968989706,4.91303597
-374.4578499,-359.2151154,7.947038784,4.90352927
-376.9367401,-357.5511151,7.930894172,4.898653586
-379.4002782,-355.8644694,7.913578617,4.8973992
-381.8482278,-354.155278,7.905074161,4.894994103
-384.2803788,-352.4236788,7.894020157,4.900971416
-386.696596,-350.6699146,7.889921635,4.900661488
-389.0967891,-348.8942811,7.885823396,4.906702645
-391.4809955,-347.0972381,7.883412896,4.907225699
-393.8491965,-345.2791531,7.883446754,4.909315059
-396.2014665,-343.4405019,7.876922816,4.908754319
-398.5378274,-341.5816761,7.875287574,4.905758888
-400.8583348,-339.703095,7.865498405,4.903947155
-403.1630604,-337.8051844,7.85835051,4.897185702
-405.4520401,-335.8883121,7.846939461,4.897730129
-407.7253148,-333.9528394,7.834061696,4.892602769
-409.9829837,-331.9991847,7.82143379,4.892976572
-412.2251202,-330.0277225,7.801199337,4.892501387
-414.4518564,-328.0388813,7.785210013,4.895526132
-416.6633246,-326.0330754,7.761664542,4.902886423
-418.859729,-324.0107844,7.741120537,4.911611195
-421.041303,-321.9725023,7.716936177,4.932918379
-423.2083166,-319.9187457,7.691707993,4.95336552
-425.3610728,-317.8500476,7.666380692,4.986643407
-427.4999093,-315.7669601,7.634577577,5.021862204
-429.6251021,-313.6699537,7.605722645,5.066332807
-431.7369719,-311.5595296,7.568948541,5.117295121
-433.8358041,-309.4361378,7.534521326,5.173883062
-435.9219334,-307.3002637,7.495481285,5.242708242
-437.9956715,-305.1523556,7.455130044,5.313887716
-440.0574238,-302.9929391,7.413204017,5.40065615
-442.1075214,-300.8224537,7.365746864,5.48995497
-444.1462841,-298.6413174,7.319544622,5.590779346
-446.174028,-296.4499319,7.264597009,5.697508538
-448.1911915,-294.2488032,7.211407606,5.810254605
-450.1980209,-292.0382474,7.152447486,5.930847637
-452.1949223,-289.8187184,7.091947496,6.051645187
-454.1822627,-287.5906239,7.028623749,6.181194061
-456.1604386,-285.354388,6.960732544,6.307754494
-458.1298079,-283.110392,6.893271501,6.437069692
-460.0907586,-280.8590352,6.817479766,6.564075912
-462.0436497,-278.600683,6.744140584,6.68884609
-463.9888796,-276.3357279,6.665866147,6.810893861
-465.9268698,-274.0645747,6.587679588,6.927004544
-467.8579888,-271.7875757,6.507640359,7.038696357
-469.782651,-269.5051159,6.425742262,7.142726238
-471.7012516,-267.2175583,6.344631756,7.240161755
-473.6142394,-264.9253043,6.259697347,7.331016707
-475.5220189,-262.6287136,6.177000944,7.415865081
-477.4250262,-260.3281666,6.091674797,7.495319309
-479.3236902,-258.0240336,6.007868783,7.569627619
-481.2184345,-255.7166758,5.923550924,7.63973684
-483.1097839,-253.4065344,5.839639719,7.705779462
-484.9981191,-251.0939282,5.756661588,7.768521189
-486.8839435,-248.7792741,5.673687003,7.828377899
-488.7677139,-246.4629479,5.592304926,7.885939261
-490.6498812,-244.1453189,5.511418238,7.941771858
-492.5309013,-241.8267586,5.432183136,7.99629069
-494.4110922,-239.5075257,5.35453299,8.049991816
-496.2906525,-237.1877819,5.2791451,8.102902442
-498.1693229,-234.8673173,5.206646627,8.154685236
-500.0463585,-232.5455304,5.139249933,8.204260368
-501.9204394,-230.2213583,5.077375686,8.249931056
-503.7902719,-227.8937674,5.024756968,8.289954214
-505.6546057,-225.5617703,4.980505351,8.322848054
-507.5127541,-223.2248415,4.947387083,8.347538832
-509.364701,-220.8829951,4.923794804,8.364227639
-511.2107979,-218.5365338,4.909916352,8.373180331
-513.0517895,-216.1860647,4.904501047,8.375409667
-514.8885743,-213.8323063,4.905826078,8.372026997
-516.7220448,-211.4759651,4.913576582,8.36402913
-518.5528581,-209.1175588,4.925479009,8.352458273
-520.3815775,-206.7575284,4.942147956,8.337608961
-522.2086359,-204.3962118,4.961575532,8.320434653
-524.0342336,-202.0337658,4.984236679,8.300862146
-525.8587166,-199.6704586,5.009112972,8.279474501
-527.682039,-197.306256,5.036252613,8.256188538
-529.5044225,-194.9413296,5.065386365,8.231080894
-531.3259937,-192.5757774,5.095902739,8.204671319
-533.146722,-190.2095765,5.128153068,8.176299948
-534.9666187,-187.8427358,5.161560311,8.146575618
-536.7858096,-185.4753526,5.196118243,8.115215797
-538.6043657,-183.1074817,5.231444586,8.082496715
-540.4222108,-180.739065,5.267599835,8.048333384
-542.2393904,-178.3701376,5.304290792,8.012460222
-544.0559897,-176.0007651,5.341490825,7.975527568
-545.8718821,-173.630851,5.378833708,7.936528989
-547.6872108,-171.2605049,5.416646847,7.896441573
-549.5019461,-168.8897045,5.45412273,7.854680866
-551.316066,-166.5184332,5.492121536,7.811476444
-553.1295265,-164.1466576,5.530262343,7.766848469
-554.9423789,-161.7744171,5.568853419,7.720600053
-556.7545491,-159.4016555,5.607961347,7.673218039
-558.5660335,-157.0283701,5.647663137,7.624086668
-560.3768582,-154.6545815,5.688078802,7.573896586
-562.1870735,-152.2803281,5.72917053,7.522421565
-563.996466,-149.9054476,5.771307077,7.469577485
-565.8052179,-147.5300791,5.814399472,7.415673664
-567.6132003,-145.1541249,5.858625633,7.360474549
-569.4203238,-142.7775174,5.904209222,7.304088267
-571.2267357,-140.400369,5.951114179,7.246593207
-573.0322704,-138.0225541,5.999429559,7.187970387
-574.8368751,-135.6440336,6.049697896,7.128124804
-576.640662,-133.2648926,6.101252726,7.067314269
-578.4434698,-130.8850097,6.155239399,7.005319737
-580.2452695,-128.5043635,6.210919881,6.942307803
-582.046047,-126.122944,6.269011631,6.878134716
-583.8458292,-123.7407722,6.329243756,6.813376587
-585.6443344,-121.357636,6.392033407,6.747435322
-587.4418162,-118.9737279,6.457543836,6.68102427
-589.2379615,-116.5888127,6.525445199,6.613944297
-591.0328399,-114.2029439,6.596968243,6.546024363
-592.8262848,-111.8159974,6.670869428,6.478098997
-594.618244,-109.4279352,6.747991206,6.409047286
-596.4087047,-107.0387494,6.827100699,6.340412583
-598.197553,-104.6483561,6.908171302,6.271045063
-599.9846077,-102.2566216,6.990472731,6.201422618
-601.76993,-99.86359375,7.074094181,6.131893441
-603.5532332,-97.46906087,7.157481488,6.061408432
-605.334458,-95.07298157,7.242350638,5.991704233
-607.1135056,-92.67528529,7.32495982,5.920731014
-608.8902706,-90.27589705,7.408172401,5.850716935
-610.6645971,-87.87470506,7.489244019,5.779889951
-612.4362894,-85.47156879,7.569126417,5.70891661
-614.2051975,-83.06638244,7.647544303,5.638010591
-615.9710703,-80.6589668,7.72249418,5.565755291
-617.733795,-78.24924525,7.797181829,5.495449854
-619.4931811,-75.83708504,7.86550713,5.423950355
-621.2490349,-73.42235241,7.933652709,5.356323969
-623.0009915,-71.00479102,7.99530626,5.289717398
-624.7488701,-68.58427956,8.05483934,5.226233088
-626.4924507,-66.16067049,8.109740727,5.167700157
-628.2314656,-63.73378338,8.159428697,5.110841682
-629.9657237,-61.30349481,8.206644387,5.063705973
-631.6948645,-58.86956293,8.245192939,5.017944761
-633.4185763,-56.43178336,8.283448793,4.983504855
-635.1366163,-53.99000339,8.310284034,4.953270443
-636.8486125,-51.54398232,8.335169556,4.930283854
-638.5544113,-49.09363538,8.35198407,4.914561653
-640.2537834,-46.63882729,8.362771367,4.901751764
-641.9464379,-44.17938253,8.368520487,4.898636785
-643.6322997,-41.71527668,8.363756315,4.895871586
-645.3111788,-39.24640815,8.357142946,4.902635364
-646.9831642,-36.77286574,8.336322818,4.911245381
-648.6481134,-34.29458188,8.313750707,4.92488309
-650.3062229,-31.81171653,8.281443898,4.943268319
-651.957513,-29.32431062,8.245190966,4.963540077
-653.6021785,-26.83251942,8.203768151,4.991391716
-655.2402915,-24.33641563,8.156291067,5.019193035
-656.8720486,-21.83615218,8.107211343,5.0556977
-658.497535,-19.33180729,8.050582007,5.093786525
-660.116905,-16.82350311,7.99406935,5.136894966
-661.730441,-14.31144174,7.931088171,5.184732522
-663.338087,-11.79560719,7.867515497,5.235129043
-664.9400472,-9.276148147,7.8013253,5.292992241
-666.5364554,-6.753167422,7.733433632,5.351813341
-668.1272296,-4.226630708,7.665672528,5.419603884
-669.712487,-1.696628707,7.596045551,5.489849074
-671.2921555,0.83686648,7.528743788,5.565477931
-672.8662745,3.373813455,7.460027997,5.645971383
-674.4347978,5.914223816,7.39406147,5.729386554
-675.9975811,8.458169065,7.329928242,5.819690704
-677.5543853,11.0057777,7.269279291,5.910617236
-679.1050546,13.55712492,7.212797671,6.00937794
-680.6493457,16.11233762,7.16058179,6.109738883
-682.1869366,18.67158761,7.114220731,6.213745783
-683.7175659,21.23500689,7.069847396,6.32053548
-685.240602,23.80294424,7.029999157,6.427640594
-686.7556551,26.37559938,6.989657866,6.53783248
-688.2623541,28.9531556,6.949859453,6.645543959
-689.7599689,31.53599959,6.90920516,6.756038245
-691.2479283,34.12441756,6.864596898,6.863674107
-692.7256796,36.71867631,6.81946264,6.969488334
-694.1925224,39.31911754,6.764899472,7.072217332
-695.6477444,41.92607864,6.709176438,7.16981033
-697.090611,44.5398973,6.641091367,7.263636339
-698.520484,47.16084564,6.566353559,7.349372633
-699.9366015,49.78925035,6.482510303,7.430471217
-701.3383863,52.42532622,6.38705549,7.502691748
-702.7251733,55.06932146,6.285993166,7.566752062
-704.0965395,57.72134746,6.173870469,7.621563458
-705.452111,60.38148052,6.061371841,7.665980659
-706.7917759,63.04965995,5.943671012,7.701180289
-708.1156081,65.72573024,5.82710638,7.725027202
-709.4239544,68.40940669,5.714044865,7.740446445
-710.7175643,71.10021891,5.604581033,7.745854715
-711.9973318,73.7976436,5.501771914,7.743569165
-713.2644092,76.50105426,5.405001959,7.734099051
-714.5205879,79.20954899,5.315709029,7.718705778
-715.7677782,81.9221962,5.233763016,7.700336044
-717.0080377,84.638021,5.158939311,7.679625078
-718.2435584,87.35600618,5.091897731,7.660616323
-719.4762762,90.07526416,5.032585402,7.643772783
-720.7075809,92.79516253,4.980974914,7.631476869
-721.9382262,95.51535941,4.940312656,7.624188858
-723.1686784,98.23564358,4.909279145,7.621464016
-724.3992162,100.9558891,4.8922757,7.624436803
-725.6298403,103.6760954,4.8869463,7.631753745
-726.8604154,106.3963241,4.893291545,7.644361549
-728.0909451,109.1165733,4.910421281,7.661255031
-729.3214837,111.8368183,4.935323842,7.682587914
-730.551961,114.5570912,4.968307927,7.708361531
-731.7824546,117.2773567,5.006740611,7.737656101
-733.0129866,119.9976047,5.05020624,7.771155594
-734.2434649,122.7178771,5.097045904,7.807756303
-735.4739462,125.4381481,5.145898434,7.848086405
-736.7044705,128.1583997,5.195753014,7.891602505
-737.9349508,130.8786711,5.244786389,7.937323967
-739.1653771,133.5989671,5.291902342,7.98486266
-740.3958358,136.3192484,5.335961925,8.03288766
-741.6263036,139.0395256,5.375018247,8.080526994
-742.8567747,141.7598011,5.408838719,8.127090051
-744.0873078,144.4800488,5.434723963,8.171098533
-745.3177807,147.2003236,5.452418913,8.21165529
-746.5482165,149.9206152,5.460380872,8.248038341
-747.7787457,152.6408645,5.456614844,8.278622727
-749.0092244,155.3611368,5.444510551,8.303602526
-750.239675,158.0814217,5.422475204,8.320623289
-751.4701516,160.8016948,5.393600912,8.330217183
-752.7005679,163.5219952,5.357979984,8.330086981
-753.9309597,166.2423068,5.317269586,8.318521937
-755.1613164,168.9626342,5.27281035,8.297037253
-756.3914956,171.6830417,5.225190064,8.261458943
-757.6214865,174.4035346,5.176853172,8.214246408
-758.8512399,177.1241348,5.128299643,8.153649205
-760.0805067,179.8449548,5.081357637,8.082131387
-761.3091639,182.5660502,5.037429153,8.004376579
-762.5371581,185.2874449,4.997473375,7.923340646
-763.7643442,188.0092039,4.9631806,7.845197227
-764.9905137,190.7314212,4.936127697,7.774495283
-766.2152637,193.4542773,4.917250504,7.713822308
-767.43747,196.1782755,4.911402114,7.668491722
-768.6543736,198.9046443,4.919461933,7.638564237
-769.861081,201.6355342,4.951441106,7.622714548
-771.0505306,204.3739693,5.014134447,7.624768501
-772.2138947,207.1235616,5.120769982,7.62735188
-773.3415907,209.8879411,5.283848362,7.631495931
-774.4244767,212.6701424,5.510256346,7.601831578
-775.4540081,215.4724881,5.807857776,7.505736591
-776.4228066,218.2963738,6.159868698,7.278960397
-777.3245469,221.1423494,6.549442248,6.915006267
-778.1532655,224.0104147,6.959423883,6.41487314
-778.9038683,226.8998856,7.374717511,5.879474955
-779.5714427,229.8096549,7.7241859,5.444142841
-780.1526091,232.7378897,8.057103306,5.106687867
-780.6442891,235.6824435,8.315893337,5.026146031
-781.0437625,238.6408939,8.521727247,4.988073195
-781.34852,241.6105693,8.661747665,5.060384248
-781.5557013,244.5886156,8.690345362,5.145916431
-781.6627329,247.5719184,8.670655871,5.276587651
-781.6673359,250.5571114,8.545674175,5.43527939
-781.5670891,253.5405982,8.373363286,5.637646888
-781.3596581,256.518526,8.126401943,5.867307934
-781.0426855,259.486763,7.827614154,6.129320773
-780.6140382,262.440912,7.535696715,6.405145287
-780.0715335,265.3762492,7.232364445,6.708067204
-779.4130393,268.2877263,6.962704494,7.02715141
-778.6367259,271.1699867,6.721309796,7.382654603
-777.7407078,274.0172642,6.511436539,7.766713726
-776.7233449,276.8234324,6.37247229,8.179804787
-775.5833307,279.5820068,6.289390541,8.615235209
-774.3193279,282.2859652,6.274891709,9.048234746
-772.9301501,284.9277448,6.352898175,9.483708471
-771.415419,287.4995595,6.493620664,9.885171739
-769.7761243,289.9938119,6.69351735,10.27330708
-768.0142187,292.4030185,6.924272747,10.60721727
-766.1321171,294.719563,7.094165666,10.9148563
-764.1329241,296.9359182,7.235529446,11.15675491
-762.0217089,299.0460224,7.315300967,11.36008582
-759.8065327,301.0469623,7.185558323,11.50163578
-757.4962412,302.9375349,7.013523876,11.6118655
-755.0980778,304.715588,6.812968415,11.67563041
-752.6186896,306.3788007,6.462103696,11.71855332
-750.0625278,307.9215241,6.15561996,11.73582688
-747.4381883,309.3449632,5.862115697,11.7383531
-744.7531849,310.6500767,5.554498822,11.73678408
-742.0138517,311.8366755,5.320700048,11.71371037
-739.2261613,312.904516,5.123055116,11.68477243
-736.3958839,313.8535707,4.977770108,11.6258648
-733.5285288,314.6837496,4.906480694,11.55021489
-730.6295568,315.3955807,4.841723897,11.43892645
-727.7042343,315.9897771,4.815731903,11.30102565
-724.757612,316.4671505,4.817083597,11.13279928
-721.7945556,316.8286795,4.809747749,10.94107231
-718.8197525,317.0755877,4.819231974,10.73264866
-715.8377016,317.2092263,4.817941392,10.50945084
-712.8527164,317.2308666,4.797789719,10.28349034
-709.8689501,317.1419436,4.800530469,10.05484472
-706.8903981,316.9440157,4.803444822,9.828716792
-703.920921,316.6385164,4.80549301,9.6105122
-700.9643276,316.2264298,4.844487838,9.388903678
-698.0244958,315.7079984,4.891558733,9.184853471
-695.1054267,315.0830696,4.979337746,8.963136118
-692.2112394,314.3514181,5.108900933,8.770065988
-689.3460775,313.5131724,5.242433619,8.540826024
-686.5138974,312.569366,5.429123359,8.352606834
-683.7183388,311.5219413,5.622845319,8.108746352
-680.9626068,310.3737145,5.825860359,7.917693711
-678.2495294,309.1279618,6.063540211,7.663961479
-675.5818364,307.7877092,6.238160737,7.447424832
-672.9622305,306.3556938,6.443580016,7.17977114
-670.3933689,304.8344871,6.6319283,6.934573401
-667.8777239,303.2267749,6.790952994,6.661274107
-665.4175529,301.5353763,6.981671503,6.410362343
-663.0148602,299.7632668,7.101150129,6.166544533
-660.671585,297.9133002,7.245344587,5.944279483
-658.3895687,295.9882781,7.371989848,5.771381663
-656.170491,293.9910345,7.465340437,5.609079229
-654.015961,291.9243316,7.585300444,5.516204651
-651.9273533,289.7910381,7.62475707,5.404776636
-649.9060917,287.5938393,7.685648616,5.35597832
-647.9533843,285.3355051,7.718098355,5.259627508
-646.0702634,283.0188369,7.728696162,5.212167814
-644.2577661,280.6465155,7.762342249,5.112872941
-642.5168596,278.2211779,7.742660493,5.050258528
-640.8484356,275.745426,7.760916794,4.964735736
-639.2532602,273.2218634,7.775498418,4.932619202
-637.7320989,270.6530131,7.803515571,4.917737514
-636.2854557,268.0414788,7.858992733,4.967536868
-634.9138975,265.389746,7.88244581,5.074653919
-633.6177562,262.7003517,7.926898982,5.236743742
-632.3974176,259.9757279,7.929992811,5.46163364
-631.2530426,257.2183421,7.90912649,5.706123941
-630.1848781,254.4305498,7.853054292,6.001091464
-629.1927628,251.6147968,7.702611005,6.28419201
-628.2764947,248.7734548,7.528283728,6.603066722
-627.4357627,245.9088482,7.265364182,6.887989752
-626.670225,243.0232263,6.982174482,7.187275025
-625.9791482,240.1188601,6.681889113,7.446407264
-625.3616611,237.1979485,6.350337515,7.698306389
-624.816218,234.2627131,6.050340233,7.91286101
-624.3403943,231.3153718,5.754663797,8.104832127
-623.9306175,228.3581025,5.501387838,8.262929582
-623.5818807,225.392992,5.288166143,8.389333137
-623.2875628,222.4219619,5.123735679,8.486924493
-623.0389537,219.4467372,5.008504328,8.552428813
-622.8262343,216.4687151,4.948902197,8.595954396
-622.6389062,213.488978,4.923294078,8.615373412
-622.4669584,210.5083096,4.929934232,8.615466509
-622.302945,207.527193,4.954600852,8.598841009
-622.1421851,204.5458988,4.993167036,8.564519996
-621.9824514,201.5645495,5.043784502,8.514907134
-621.8227752,198.583197,5.100261091,8.454743858
-621.6630635,195.6018466,5.167690305,8.378407826
-621.5032882,192.6204994,5.238041519,8.296297512
-621.343549,189.6391504,5.315806973,8.200644022
-621.1838139,186.6578012,5.395762017,8.09995741
-621.0240202,183.676455,5.478975264,7.991682943
-620.8643653,180.6951015,5.563337892,7.878069482
-620.7046968,177.7137486,5.648210266,7.76113932
-620.54506,174.7323942,5.731611883,7.640368174
-620.3854784,171.7510367,5.814129617,7.518868821
-620.225921,168.7696778,5.891898295,7.3968488
-620.0663904,165.7883177,5.968305758,7.276101243
-619.9068946,162.8069556,6.041298768,7.157457724
-619.7474298,159.8255919,6.112981479,7.043238546
-619.5880346,156.8442244,6.183276217,6.931842061
-619.4285752,153.8628604,6.25293738,6.828734045
-619.2692261,150.8814905,6.322505131,6.728130655
-619.1099425,147.900117,6.393105426,6.634689829
-618.9505553,144.9187492,6.464200335,6.544733436
-618.7912945,141.9373746,6.538065857,6.459247149
-618.6321525,138.9559936,6.613846923,6.378260057
-618.4732738,135.9745985,6.693158387,6.299347423
-618.3147357,132.9931854,6.775634285,6.225588416
-618.1568473,130.0117378,6.860902659,6.152569557
-617.9996749,127.0302523,6.948210453,6.082879955
-617.8435694,124.0487108,7.036929793,6.013931062
-617.6888325,121.067098,7.125098962,5.945859231
-617.5356721,118.0854038,7.213581879,5.878384933
-617.3845777,115.1036041,7.299887166,5.809781791
-617.2359372,112.1216811,7.384493449,5.740737541
-617.0902355,109.1396131,7.467060473,5.669106221
-616.9476056,106.1573966,7.544095394,5.595331549
-616.8088402,103.1749978,7.620814927,5.517781068
-616.673914,100.1924228,7.686738012,5.436465535
-616.5425577,97.20968854,7.75176132,5.350966976
-616.4136141,94.22684894,7.802020129,5.262682049
-616.2847145,91.24400744,7.844333026,5.172526036
-616.1524651,88.26131263,7.869163582,5.084824989
-616.0119367,85.2789969,7.878512915,5.003299547
-615.8568432,82.29740454,7.867849219,4.935282551
-615.680329,79.31700623,7.836627307,4.887909863
-615.4747863,76.33847355,7.777665906,4.869498672
-615.2347614,73.36252579,7.697020876,4.886290996
-614.9554215,70.39001594,7.581994294,4.943944733
-614.6335573,67.42181449,7.449348475,5.046162999
-614.267526,64.45873913,7.283326044,5.195286537
-613.856147,61.50162227,7.102377583,5.393661086
-613.398897,58.55125341,6.896789305,5.641374977
-612.8954884,55.60841213,6.677553388,5.940339899
-612.3457584,52.67387425,6.447206673,6.281418924
-611.7499983,49.74833656,6.202081328,6.654902895
-611.1083232,46.83252846,5.96454712,7.029128686
-610.4213216,43.92706656,5.709854096,7.42138416
-609.6883305,41.03286795,5.497992379,7.743924832
-608.9088563,38.15084143,5.271270134,8.045993885
-608.0819523,35.2820644,5.129735418,8.280867629
-607.2073989,32.42745035,4.993174006,8.424285135
-606.2842983,29.5881612,4.96032247,8.523601007
-605.3132431,26.76490323,4.964656078,8.438539862
-604.2943074,23.95855946,5.098871656,8.312536235
-603.2275451,21.17003607,5.294907106,8.043102091
-602.1133261,18.40012856,5.595190909,7.727549393
-600.9519277,15.64966895,5.932865701,7.376452372
-599.7436351,12.91948813,6.287757858,6.98382307
-598.4885772,10.2104914,6.630631353,6.615396336
-597.1875081,7.523293566,6.93871402,6.255158214
-595.8410299,4.858562523,7.217875094,5.929579545
-594.4498822,2.216879676,7.452718307,5.639980625
-593.014932,-0.401266174,7.653713803,5.387117089
-591.5371108,-2.995452924,7.81004454,5.180791392
-590.017263,-5.565241972,7.925813287,5.022398852
-588.4575404,-8.111028014,7.997652172,4.916947119
-586.8613033,-10.63408374,8.028158715,4.862649521
-585.2351248,-13.13795684,8.020361213,4.861319905
-583.5896844,-15.62922868,7.985477572,4.890826671
-581.9377647,-18.11621813,7.932255483,4.946232514
-580.2900247,-20.60597848,7.878544666,5.001484012
-578.652754,-23.1026326,7.825632628,5.052111161
-577.0278922,-25.60737923,7.784576192,5.090549551
-575.4142156,-28.11934758,7.753292573,5.117371544
-573.808481,-30.63640241,7.732248566,5.131701939
-572.2071365,-33.15625395,7.718438403,5.139070278
-570.6074695,-35.67717118,7.713507416,5.132677733
-569.0081928,-38.19833619,7.713928475,5.119915776
-567.4089803,-40.71954185,7.729974055,5.095603932
-565.8097639,-43.24074503,7.753423438,5.065455244
-564.2104364,-45.76187776,7.799797462,5.031194106
-562.6112298,-48.28308718,7.859542777,4.997084125
-561.011635,-50.80405035,7.939683269,4.964230303
-559.409421,-53.3233492,8.024441804,4.944028725
-557.7984391,-55.83704617,8.102411906,4.942160589
-556.1667717,-58.33734433,8.141658309,4.980084236
-554.4981494,-60.81307816,8.128914291,5.083438032
-552.7766047,-63.25222469,8.017007571,5.270166896
-550.9903088,-65.64427272,7.812290328,5.538517498
-549.1328136,-67.98139887,7.473641424,5.878586552
-547.2009247,-70.25735987,7.022579494,6.258905666
-545.1935439,-72.46697128,6.53940526,6.623287331
-543.1115761,-74.60641685,6.002951193,6.994138816
-540.9565416,-76.672238,5.597895591,7.24790535
-538.7295978,-78.66033197,5.234416503,7.421212808
-536.4320571,-80.56640908,5.051514074,7.53327211
-534.065291,-82.38582722,4.910004068,7.510830364
-531.6306174,-84.11332821,4.871943216,7.45991594
-529.1302789,-85.74436499,4.831053729,7.305131308
-526.5673386,-87.27518069,4.84501458,7.093730063
-523.945672,-88.70312824,4.860671014,6.874245282
-521.2707362,-90.02868927,4.953448672,6.547070352
-518.5479381,-91.25300614,5.083841695,6.231269994
-515.781882,-92.37620403,5.294725981,5.8849093
-512.9768892,-93.39827709,5.527458628,5.546095958
-510.1372649,-94.31975779,5.767510984,5.264933982
-507.2676828,-95.14325274,5.975670473,5.036758221
-504.3735732,-95.87603337,6.134451755,4.902310192
-501.4613909,-96.5336088,6.214922261,4.852638118
-498.538043,-97.13997088,6.238775998,4.866235267
-495.6092374,-97.71960844,6.206106149,4.912801517
-492.6784985,-98.2894514,6.151765411,4.979802721
-489.747553,-98.85823676,6.074515973,5.051829956
-486.8171928,-99.43002848,5.991195521,5.126961566
-483.8879849,-100.0076907,5.903521329,5.199582373
-480.9605189,-100.5941093,5.819804529,5.2662707
-478.0354366,-101.1922956,5.74541151,5.323129055
-475.1133121,-101.8047577,5.687685595,5.366514551
-472.1945126,-102.432869,5.648408739,5.394158971
-469.2790813,-103.0764351,5.634178893,5.40571231
-466.3666928,-103.7336418,5.642650124,5.401587857
-463.45664,-104.4011256,5.673248611,5.384666443
-460.5479779,-105.0746525,5.726426218,5.358710295
-457.6398916,-105.7506643,5.794137272,5.325343155
-454.7319466,-106.4272846,5.886530139,5.288236211
-451.8240155,-107.1039645,5.990285619,5.244113001
-448.9161025,-107.7807217,6.118928555,5.196248294
-446.0081635,-108.4573672,6.25458846,5.143057884
-443.1002873,-109.1342828,6.371823855,5.085370985
-440.1922949,-109.8106992,6.462765746,5.024357152
-437.2845304,-110.4880941,6.473063626,4.957659107
-434.3763489,-111.1636952,6.366885219,4.890082826
-431.4676036,-111.8368658,6.180030226,4.820833803
-428.5504072,-112.4719769,6.105653987,4.794257707
-425.6157921,-113.0195379,6.068052643,4.8818416
-422.6541974,-113.3842982,6.110081105,5.222639329
-419.6732988,-113.4907035,6.035573991,5.926153239
-416.6978768,-113.292336,5.761593335,7.161776947
-413.7786513,-112.6998122,5.707280274,8.777426604
-410.9776535,-111.6914882,5.646802821,10.12683068
-408.3613466,-110.2665645,5.283406319,10.62174574
-406.0130221,-108.4304574,4.817902086,10.47758352
-403.9478984,-106.2798399,4.916224319,9.789208371
-402.1640239,-103.8913832,4.946116534,8.467712555
-400.6725322,-101.3097304,5.242492655,7.173265557
-399.4666009,-98.58214299,5.482442434,6.156920411
-398.5231042,-95.75200576,5.693274453,5.497897495
-397.8031541,-92.85590852,5.856674574,5.125931674
-397.2546928,-89.92174333,5.996690831,4.95566731
-396.8214584,-86.96793529,6.123924484,4.917018303
-396.4534441,-84.00512464,6.215284843,4.952405054
-396.1147386,-81.03877896,6.272684738,5.024692013
-395.7853927,-78.07137455,6.274698537,5.116207243
-395.4577071,-75.10378617,6.250548303,5.21525326
-395.1299284,-72.13620808,6.185084603,5.323989623
-394.802047,-69.1686413,6.102252275,5.437794673
-394.4742648,-66.20106359,5.993970616,5.558827697
-394.1465228,-63.23348143,5.871519682,5.685587126
-393.8188782,-60.26588852,5.736699938,5.817249046
-393.4912671,-57.2982919,5.593685227,5.955022341
-393.1637117,-54.33068913,5.447989036,6.094701344
-392.8357621,-51.36312997,5.30303087,6.235273037
-392.5056545,-48.39581064,5.164056348,6.369441205
-392.1698152,-45.42913687,5.04055278,6.490107179
-391.8218087,-42.46387484,4.94022263,6.585437501
-391.4495523,-39.50159197,4.881342893,6.644313875
-391.0320752,-36.54543632,4.893255548,6.637630242
-390.5386524,-33.60118805,5.010034589,6.557915479
-389.9344494,-30.67788624,5.295852323,6.376022311
-389.1900328,-27.78729528,5.754934186,6.111212373
-388.2852408,-24.94293308,6.402190317,5.869430224
-387.2076791,-22.15946217,7.1675559,5.563297729
-385.9505264,-19.45242121,8.051145476,5.462228309
-384.5109082,-16.83802377,8.956960747,5.295444903
-382.8884584,-14.33325686,9.762936952,5.32017654
-381.0847279,-11.95602637,10.54438242,5.248005217
-379.1054957,-9.722997589,11.14180635,5.225346195
-376.9647495,-7.644167588,11.48859659,5.140169621
-374.6814289,-5.722764519,11.63754967,5.071265881
-372.2716142,-3.962213745,11.45505287,4.980302925
-369.7495973,-2.366095934,11.09971793,4.896239582
-367.1294229,-0.936284151,10.38423683,4.758986375
-364.4233681,0.32415253,9.526642553,4.619970639
-361.6421595,1.408972137,8.650104941,4.500579469
-358.8029321,2.330999607,7.722724522,4.623765994
-355.9168124,3.093711669,6.936105482,4.79128171
-352.9941501,3.701955246,6.26255526,5.147016276
-350.0445901,4.163026259,5.712214574,5.431514849
-347.0769929,4.489158531,5.312574155,5.672866495
-344.0988755,4.699452378,5.049988492,5.820293126
-341.1156654,4.818483012,4.913231323,5.892895019
-338.1305728,4.874189143,4.86399873,5.909027966
-335.1450111,4.893351373,4.880715611,5.890177723
-332.1593879,4.896829802,4.920646187,5.843642483
-329.1737627,4.896963532,4.980841874,5.785449225
-326.18814,4.900597561,5.038034751,5.705873429
-323.2025421,4.91316249,5.087643618,5.621786695
-320.2170327,4.93933402,5.118781858,5.537495922
-317.2317199,4.98244435,5.127793697,5.469215656
-314.2467234,5.043678481,5.114645056,5.42043176
-311.2621201,5.121776813,5.082700507,5.412759317
-308.2778708,5.212413145,5.039858375,5.433821983
-305.2938003,5.308754179,4.99238704,5.49583861
-302.3096347,5.402104812,4.957042627,5.597480093
-299.3249151,5.475634943,4.948951453,5.711489145
-296.3393565,5.494993472,5.012826156,5.846769472
-293.3548926,5.412597604,5.206200213,5.91256019
-290.3781143,5.183867154,5.575885474,5.945622241
-287.4204543,4.777261049,6.112077666,5.844530042
-284.4966659,4.173993823,6.806912025,5.734438831
-281.6233094,3.364280315,7.679348112,5.478984674
-278.8186428,2.341933167,8.568896074,5.461942185
-276.1021097,1.104153025,9.485491813,5.375849404
-273.5029055,-0.363573343,10.42424645,5.608186286
-271.0330967,-2.039080809,11.05781828,5.876824791
-268.6999349,-3.899693356,11.48186078,6.235530779
-266.5099631,-5.926657768,11.5964442,6.650196032
-264.4700699,-8.10455143,11.31992045,7.084926059
-262.5861292,-10.41872733,10.88447846,7.513347279
-260.8622301,-12.85453765,10.14036232,7.863722625
-259.3005025,-15.3974403,9.232401479,8.122379195
-257.9014827,-18.03341606,8.316631184,8.335602258
-256.6640371,-20.74906325,7.381326157,8.492110337
-255.5853245,-23.53167657,6.538458476,8.650849227
-254.6606177,-26.36932183,5.871070489,8.811862734
-253.8827103,-29.25083303,5.40380325,8.968785524
-253.2416738,-32.16602457,5.122689945,9.118461002
-252.7255837,-35.10607687,4.980712844,9.238184279
-252.3213946,-38.06373423,4.935356855,9.326217226
-252.0160493,-41.03333762,4.955614139,9.364041593
-251.7979,-44.01069854,5.009099887,9.352347789
-251.6574074,-46.9927915,5.06909605,9.295063122
-251.58664,-49.97739878,5.149416707,9.204009588
-251.5788809,-52.96286896,5.225230034,9.07965235
-251.6283629,-55.94796688,5.301677923,8.940887868
-251.7298659,-58.93177129,5.372240104,8.781118801
-251.8786737,-61.91360912,5.415113979,8.619504963
-252.0704778,-64.8930051,5.457456364,8.452479499
-252.3013548,-67.86964019,5.471885284,8.29049643
-252.56769,-70.84332268,5.474056166,8.137289034
-252.8660607,-73.81396986,5.457481294,7.987220158
-253.1933834,-76.78157313,5.41893312,7.857228373
-253.5467649,-79.74619158,5.37572991,7.725316261
-253.9234877,-82.70793903,5.308173783,7.612400499
-254.3209387,-85.66697969,5.244220355,7.50047832
-254.7367116,-88.6235046,5.171554549,7.399853652
-255.1684518,-91.57774234,5.101783121,7.305710401
-255.6139976,-94.52993145,5.035195708,7.216274822
-256.0711926,-97.48034042,4.975493793,7.137813026
-256.5379746,-100.429249,4.926376345,7.060695286
-257.0123832,-103.3769411,4.894085689,6.99629737
-257.4925018,-106.3237091,4.875064682,6.93459681
-257.9765541,-109.2698338,4.875806387,6.881835708
-258.4630734,-112.2155523,4.888727908,6.83515131
-258.9509634,-115.1610441,4.915106834,6.793817093
-259.4394499,-118.106437,4.953169419,6.759070506
-259.9281057,-121.0518019,4.999372294,6.726487327
-260.4168047,-123.9971596,5.057806635,6.697037714
-260.9054816,-126.942521,5.121211567,6.667405619
-261.3941597,-129.8878822,5.195714512,6.637233933
-261.8828049,-132.8332488,5.274416946,6.605623243
-262.3714309,-135.7786186,5.360527948,6.572645314
-262.8600756,-138.7239853,5.451307323,6.536580771
-263.3487728,-141.6693433,5.54651454,6.498746047
-263.837444,-144.6147056,5.646103348,6.456581606
-264.3261543,-147.5600615,5.747653812,6.411599317
-264.8148718,-150.5054161,5.852088649,6.362303811
-265.3036365,-153.4507629,5.956386369,6.308107466
-265.7923704,-156.3961148,6.05959186,6.250296232
-266.2811517,-159.3414588,6.160347388,6.184821943
-266.7699641,-162.2867977,6.257299633,6.116325546
-267.2587604,-165.2321393,6.347916544,6.04064921
-267.7475628,-168.1774798,6.433624017,5.961723153
-268.2363326,-171.1228258,6.507288281,5.878342529
-268.7251639,-174.0681615,6.575873862,5.791006189
-269.2139232,-177.0135092,6.626725972,5.701414558
-269.7020616,-179.9589598,6.668959914,5.608358286
-270.1884758,-182.9046956,6.691945404,5.515854581
-270.6714631,-185.850995,6.696899345,5.424204869
-271.1491822,-188.7981529,6.681358667,5.337030178
-271.6198463,-191.7464455,6.639538302,5.256040812
-272.0821374,-194.6960625,6.580308425,5.183484652
-272.5354328,-197.6470754,6.49692192,5.120178916
-272.9798903,-200.5994325,6.402130776,5.067705692
-273.416403,-203.552975,6.294590898,5.02443336
-273.8466409,-206.5074383,6.182713375,4.990648156
-274.2727501,-209.4625,6.071159608,4.964040878
-274.6965423,-212.4178948,5.96702261,4.943003575
-275.1194156,-215.3734213,5.871041661,4.928840911
-275.5420495,-218.3289821,5.797479343,4.917218921
-275.9646239,-221.2845513,5.732220315,4.915675415
-276.3871705,-224.2401246,5.708054807,4.917334123
-276.8094503,-227.1957359,5.695614117,4.928029761
-277.2299625,-230.1515992,5.725940133,4.942197249
-277.6441248,-233.108359,5.776405787,4.964497153
-278.0427696,-236.0672508,5.851104751,4.98872515
-278.4125479,-239.0298874,5.942328314,5.036105447
-278.7380819,-241.9977079,6.021988967,5.093263131
-279.0053603,-244.9713338,6.109770067,5.186470158
-279.2030951,-247.9503819,6.154771121,5.315810679
-279.322872,-250.9335696,6.211950638,5.464862528
-279.3588962,-253.9189303,6.206717574,5.670282497
-279.306988,-256.9040429,6.231811934,5.875434051
-279.164438,-259.8861884,6.190708795,6.122041041
-278.9289611,-262.8624257,6.186694214,6.403364728
-278.5985736,-265.8296153,6.125532466,6.679827175
-278.1716101,-268.7844441,6.093447351,7.004194509
-277.6463548,-271.7233828,6.011496638,7.321003383
-277.0209924,-274.64265,5.936556479,7.64906067
-276.2940196,-277.538279,5.813811233,8.022261717
-275.4640048,-280.4060677,5.678840648,8.348057899
-274.5296323,-283.2415741,5.514085485,8.714859427
-273.4897313,-286.0401119,5.353361098,9.10797638
-272.3429527,-288.7965997,5.210347394,9.482391967
-271.0888891,-291.5060014,5.119372932,9.902477349
-269.7256479,-294.1621415,5.094665344,10.28165663
-268.2553212,-296.7604595,5.155105745,10.59172715
-266.6827837,-299.2981314,5.260897285,10.87078857
-265.0136679,-301.7732656,5.424428099,10.88065701
-263.2529337,-304.1840066,5.597000849,10.78654644
-261.4043965,-306.5280353,5.791881386,10.4806216
-259.4712559,-308.8027587,5.973348456,10.01805116
-257.4569785,-311.0059447,6.157859784,9.474694413
-255.3651486,-313.1356386,6.329168188,8.830767708
-253.1993527,-315.190081,6.501562195,8.191489156
-250.9633681,-317.1679229,6.66486938,7.557964773
-248.6610373,-319.0681488,6.826020249,6.932654165
-246.2962605,-320.8901142,6.978928922,6.38176454
-243.8732724,-322.6339766,7.117797515,5.902131469
-241.3969191,-324.3012692,7.242459374,5.514777519
-238.8729736,-325.8957116,7.339574288,5.231073108
-236.3088154,-327.4247967,7.422457594,5.051877269
-233.7136805,-328.9008557,7.479587011,4.954021863
-231.0979545,-330.340225,7.538033626,4.916578046
-228.4715444,-331.7600521,7.587722993,4.917034582
-225.8417326,-333.1735757,7.646435212,4.932547324
-223.2122667,-334.5877418,7.700950133,4.957927543
-220.5844365,-336.0049445,7.746679016,4.982290666
-217.9585775,-337.4257964,7.774926702,5.005091463
-215.3347814,-338.8504539,7.784775337,5.022067882
-212.7130953,-340.2789903,7.775049295,5.032447086
-210.093541,-341.7114324,7.755839237,5.034318492
-207.4761525,-343.147828,7.721525778,5.030211055
-204.861016,-344.5883195,7.686698659,5.020059609
-202.2481939,-346.0330045,7.648591101,5.00605803
-199.6377659,-347.482011,7.615466061,4.989255217
-197.0298331,-348.9355033,7.589444619,4.9709449
-194.4244914,-350.3936352,7.576266262,4.951759336
-191.8217688,-351.8564368,7.576901282,4.934985226
-189.2216692,-353.3238959,7.600460041,4.918532102
-186.6240098,-354.7956706,7.637469155,4.909824368
-184.0284102,-356.2710758,7.695338958,4.903102497
-181.4341001,-357.7487473,7.760733749,4.903845555
-178.8398749,-359.2265679,7.833729152,4.91056761
-176.2439442,-360.7013879,7.905113602,4.925898915
-173.6440487,-362.1692026,7.969193504,4.954148962
-171.0378233,-363.6257412,8.01730698,4.997002455
-168.4230734,-365.066913,8.04479141,5.059018178
-165.7980717,-366.4893203,8.040720712,5.141660858
-163.161692,-367.890523,8.007104767,5.246525422
-160.5133901,-369.269059,7.930261357,5.372837765
-157.8531694,-370.6244538,7.817775754,5.521643535
-155.18127,-371.9566795,7.660651915,5.686203725
-152.4978547,-373.2655549,7.473077971,5.87133194
-149.8029969,-374.5507066,7.257783259,6.068794412
-147.0966787,-375.8115445,7.037332656,6.273085224
-144.3786173,-377.0468613,6.808483639,6.481262779
-141.6484661,-378.2552216,6.61196475,6.656755316
-138.905807,-379.4349136,6.411716045,6.825876125
-136.1501246,-380.5838497,6.295399457,6.92175917
-133.3807757,-381.6994331,6.186037694,6.980046538
-130.5970847,-382.7787191,6.179863688,6.973443185
-127.7983982,-383.8184838,6.215085855,6.871678279
-124.9838816,-384.8145826,6.359673134,6.741512137
-122.1526816,-385.7622004,6.575986693,6.488713377
-119.3038772,-386.6554773,6.866976316,6.226462396
-116.4365832,-387.4874683,7.208351389,5.919217805
-113.5499372,-388.2495818,7.544173622,5.583731607
-110.6433091,-388.9315044,7.872661159,5.285902371
-107.7164426,-389.5205115,8.132063736,5.029098929
-104.7697368,-390.0005005,8.305000908,4.9058778
-101.8048411,-390.3510559,8.36721452,4.944011533
-98.8256972,-390.5468618,8.264176843,5.255517005
-95.84009431,-390.5584423,8.00590974,5.786926113
-92.86138898,-390.3556504,7.567390072,6.554884063
-89.90897707,-389.9129885,6.91278897,7.264202222
-87.00659534,-389.2153994,6.243139292,7.871370877
-84.17995014,-388.2562183,5.651579891,8.371599774
-81.47226718,-387.0006202,5.083846693,8.567336945
-78.91332873,-385.4661187,5.012484163,8.793525822
-76.52998349,-383.67175,4.882820725,9.006757091
-74.33675068,-381.6497479,5.214963475,8.938479267
-72.34437071,-379.4296981,5.548301903,8.649693634
-70.5601168,-377.0391939,6.006719706,8.158287155
-68.98752289,-374.5043678,6.522991083,7.515503795
-67.62625521,-371.8498591,7.150693673,6.915628421
-66.47165879,-369.0988492,7.823272291,6.403616941
-65.51337795,-366.2729956,8.449697865,5.979150648
-64.73151063,-363.3928184,9.025373599,5.668936199
-64.09758118,-360.4760123,9.458000122,5.452332765
-63.5770697,-357.5364691,9.765555349,5.292636273
-63.13412529,-354.5840143,9.963589927,5.187067197
-62.73613639,-351.625063,10.06476669,5.110826827
-62.35784729,-348.6635021,10.10746653,5.053879938
-61.98467613,-345.7012898,10.10128146,5.014723829
-61.61176311,-342.739045,10.05948734,4.998997317
-61.23845032,-339.7768505,9.990629893,4.99807
-60.86457074,-336.8147274,9.894511363,5.015479145
-60.49020343,-333.852666,9.786181661,5.046113317
-60.1155839,-330.8906365,9.663926803,5.088822448
-59.74089396,-327.9286159,9.540008243,5.143017581
-59.3662017,-324.9665955,9.417575548,5.203815525
-58.99152394,-322.0045734,9.303127907,5.272109716
-58.61685996,-319.0425495,9.199904998,5.342860541
-58.24222563,-316.0805219,9.109712343,5.415495695
-57.8676032,-313.1184927,9.030347064,5.487380115
-57.49299796,-310.1564614,8.9644028,5.556377884
-57.11840893,-307.194428,8.905436071,5.620065068
-56.74383743,-304.2323924,8.856543628,5.678170112
-56.36927314,-301.2703558,8.813333864,5.727544925
-55.99470897,-298.3083193,8.776579622,5.771857963
-55.62014348,-295.346283,8.744323878,5.809549365
-55.24557651,-292.3842468,8.715332746,5.842366087
-54.87100213,-289.4222115,8.689167713,5.870936937
-54.49641904,-286.4601774,8.663673542,5.894911513
-54.12183514,-283.4981434,8.638320413,5.916640269
-53.74724832,-280.5361098,8.611669501,5.935244165
-53.37265464,-277.5740769,8.582659883,5.952712775
-52.99805434,-274.612045,8.550946703,5.969041908
-52.62345099,-271.6500134,8.516309457,5.98519741
-52.24884394,-268.6879824,8.478615576,6.001741603
-51.87423208,-265.7259518,8.43876032,6.019751117
-51.49961245,-262.7639223,8.395512861,6.03927082
-51.12499539,-259.8018925,8.350723682,6.061945564
-50.75037308,-256.8398633,8.303109113,6.087313524
-50.3757446,-253.8778349,8.253966611,6.11621284
-50.00111396,-250.9158068,8.202776827,6.148555732
-49.62647948,-247.9537792,8.149971234,6.183537267
-49.25185005,-244.9917509,8.095799541,6.222602173
-48.87722142,-242.0297225,8.040004848,6.263550178
-48.50259214,-239.0676942,7.98341155,6.307941609
-48.12796285,-236.1056659,7.925355753,6.354335661
-47.75333339,-233.1436377,7.86681885,6.403168009
-47.3786988,-230.18161,7.807437775,6.454293331
-47.00407033,-227.2195816,7.747669926,6.50697085
-46.62944303,-224.2575531,7.687540796,6.562240324
-46.25481432,-221.2955247,7.627263178,6.618512412
-45.88018825,-218.333496,7.566976514,6.67670562
-45.50556128,-215.3714674,7.506935488,6.73594171
-45.13092804,-212.4094396,7.447148342,6.796344902
-44.75630157,-209.447411,7.388029141,6.857817382
-44.38167581,-206.4853822,7.329446827,6.919867712
-44.0070497,-203.5233536,7.271726543,6.982865822
-43.63242584,-200.5613246,7.214872696,7.046085151
-43.25780278,-197.5992955,7.158806648,7.109705742
-42.8831696,-194.6372677,7.103999259,7.17336128
-42.50854715,-191.6752385,7.049804509,7.237017101
-42.13392508,-188.7132093,6.997330017,7.300381122
-41.75930121,-185.7511804,6.945521975,7.363512918
-41.38467869,-182.7891512,6.895277794,7.425768739
-41.01005427,-179.8271223,6.846124485,7.487548111
-40.63542446,-176.8650941,6.798307933,7.54823255
-40.26080283,-173.9030648,6.752078097,7.607904042
-39.88617992,-170.9410357,6.706862467,7.666486399
-39.51155826,-167.9790065,6.66386823,7.72327196
-39.13693775,-165.0169771,6.621698185,7.779153686
-38.7623144,-162.054948,6.581959608,7.832256805
-38.3876863,-159.0929196,6.543347759,7.884205237
-38.01306461,-156.1308903,6.506783737,7.93361982
-37.6384404,-153.1688614,6.471995048,7.980866918
-37.26381656,-150.2068324,6.438792843,8.026063361
-36.88919205,-147.2448035,6.408110823,8.067800637
-36.51456669,-144.2827747,6.378450724,8.108061081
-36.13993838,-141.3207463,6.352214473,8.143628871
-35.7653128,-138.3587175,6.326958971,8.177349416
-35.39068704,-135.3966888,6.304701418,8.207139088
-35.01606066,-132.4346601,6.284184858,8.23351985
-34.6414336,-129.4726316,6.26603211,8.25702087
-34.26676516,-126.5106082,6.250729208,8.275485372
-33.89121027,-123.5486972,6.241145371,8.298031877
