# x_m,y_m,w_tr_right,w_tr_left_m
-22.466612,-679.317645,5.069367,6.113598
-21.670853,-679.937236,5.075298,6.108226
-20.874863,-680.556531,5.081285,6.102433
-20.078636,-681.175523,5.087003,6.096191
-19.282167,-681.794203,5.092925,6.089476
-18.485450,-682.412564,5.099310,6.082291
-17.688478,-683.030598,5.106130,6.074636
-16.891245,-683.648295,5.113426,6.066507
-16.093745,-684.265649,5.121225,6.057892
-15.295972,-684.882650,5.129490,6.048794
-14.497919,-685.499291,5.138237,6.039231
-13.699581,-686.115564,5.147518,6.029244
-12.900952,-686.731460,5.157329,6.018865
-12.102024,-687.346970,5.167643,6.008106
-11.302793,-687.962087,5.178481,5.996973
-10.503252,-688.576802,5.189889,5.985499
-9.703394,-689.191107,5.201867,5.973725
-8.903214,-689.804994,5.214386,5.961680
-8.102706,-690.418454,5.227456,5.949367
-7.301862,-691.031478,5.241130,5.936780
-6.500678,-691.644059,5.255421,5.923925
-5.699147,-692.256187,5.270303,5.910820
-4.897263,-692.867855,5.285778,5.897468
-4.095021,-693.479054,5.301898,5.883833
-3.292413,-694.089776,5.318678,5.869869
-2.489434,-694.700012,5.336092,5.855548
-1.686078,-695.309754,5.354146,5.840863
-0.882339,-695.918993,5.372902,5.825811
-0.078211,-696.527721,5.392391,5.810368
0.726311,-697.135930,5.412581,5.794485
1.531234,-697.743611,5.433487,5.778129
2.336564,-698.350756,5.455213,5.761304
3.142306,-698.957357,5.477822,5.744024
3.948466,-699.563405,5.501267,5.726285
4.755050,-700.168891,5.525474,5.708071
5.562063,-700.773808,5.550403,5.689361
6.369512,-701.378148,5.576008,5.670155
7.177401,-701.981901,5.602222,5.650478
7.985736,-702.585060,5.628977,5.630364
8.794523,-703.187617,5.656206,5.609844
9.603767,-703.789563,5.683807,5.588948
10.413473,-704.390890,5.711667,5.567696
11.223648,-704.991590,5.739678,5.546083
12.034295,-705.591655,5.767695,5.524046
12.845421,-706.191078,5.795542,5.501496
13.657030,-706.789849,5.823109,5.478408
14.469128,-707.387961,5.850391,5.454822
15.281720,-707.985406,5.877412,5.430756
16.094810,-708.582177,5.904149,5.406183
16.908403,-709.178265,5.930528,5.381101
17.722505,-709.773663,5.956558,5.355563
18.537120,-710.368362,5.982395,5.329656
19.352253,-710.962356,6.008177,5.303476
20.167909,-711.555636,6.033952,5.277120
20.984091,-712.148196,6.059901,5.250723
21.800805,-712.740027,6.086267,5.224494
22.618055,-713.331122,6.112926,5.198667
23.435845,-713.921473,6.139298,5.173421
24.254180,-714.511074,6.164718,5.148905
25.073063,-715.099917,6.188784,5.125328
25.892500,-715.687995,6.211422,5.102946
26.712493,-716.275300,6.232655,5.081973
27.533047,-716.861826,6.252352,5.062560
28.354167,-717.447566,6.270282,5.044862
29.175854,-718.032512,6.286321,5.029032
29.998115,-718.616658,6.300430,5.015161
30.820951,-719.199997,6.312516,5.003239
31.644366,-719.782522,6.322493,4.993160
32.468364,-720.364227,6.330462,4.984774
33.292949,-720.945105,6.336694,4.977945
34.118122,-721.525151,6.341421,4.972528
34.943888,-722.104357,6.344787,4.968314
35.770250,-722.682717,6.346999,4.965046
36.597210,-723.260226,6.348365,4.962515
37.424772,-723.836877,6.349101,4.960572
38.252938,-724.412665,6.349306,4.959023
39.081710,-724.987583,6.349152,4.957601
39.911092,-725.561626,6.348948,4.956057
40.741085,-726.134787,6.348965,4.954218
41.571693,-726.707063,6.349349,4.951949
42.402917,-727.278447,6.350266,4.949129
43.234760,-727.848933,6.351993,4.945666
44.067224,-728.418517,6.354780,4.941473
44.900310,-728.987194,6.358737,4.936482
45.734022,-729.554957,6.363898,4.930697
46.568360,-730.121803,6.370284,4.924175
47.403326,-730.687727,6.377890,4.916931
48.238923,-731.252723,6.386699,4.908962
49.075152,-731.816786,6.396689,4.900336
49.912013,-732.379913,6.407720,4.891198
50.749509,-732.942099,6.419476,4.881705
51.587642,-733.503340,6.431590,4.872022
52.426411,-734.063630,6.443740,4.862295
53.265819,-734.622967,6.455659,4.852614
54.105866,-735.181345,6.467183,4.843085
54.946554,-735.738762,6.478343,4.833904
55.787882,-736.295213,6.489259,4.825293
56.629853,-736.850694,6.499848,4.817416
57.472467,-737.405202,6.509716,4.810401
58.315724,-737.958733,6.518316,4.804394
59.159624,-738.511285,6.525209,4.799532
60.004168,-739.062853,6.530201,4.795859
60.849357,-739.613436,6.533339,4.793300
61.695191,-740.163029,6.534925,4.791725
62.541669,-740.711630,6.535521,4.791071
63.388791,-741.259237,6.535767,4.791359
64.236558,-741.805847,6.536107,4.792604
65.084970,-742.351458,6.536775,4.794729
65.934025,-742.896066,6.538000,4.797568
66.783724,-743.439671,6.540071,4.800953
67.634065,-743.982270,6.543218,4.804769
68.485050,-744.523862,6.547551,4.808892
69.336676,-745.064443,6.553095,4.813180
70.188943,-745.604014,6.559778,4.817517
71.041851,-746.142571,6.567429,4.821822
71.895399,-746.680114,6.575845,4.826050
72.749584,-747.216642,6.584796,4.830194
73.604408,-747.752153,6.594021,4.834284
74.459868,-748.286645,6.603306,4.838404
75.315963,-748.820119,6.612583,4.842674
76.172692,-749.352574,6.621850,4.847169
77.030054,-749.884007,6.631052,4.851900
77.888047,-750.414420,6.640100,4.856872
78.746670,-750.943812,6.648985,4.862128
79.605921,-751.472182,6.657761,4.867726
80.465799,-751.999530,6.666399,4.873673
81.326301,-752.525856,6.674726,4.879906
82.187426,-753.051160,6.682576,4.886352
83.049173,-753.575442,6.689933,4.892978
83.911538,-754.098704,6.696897,4.899728
84.774521,-754.620945,6.703626,4.906486
85.638118,-755.142166,6.710367,4.913150
86.502328,-755.662367,6.717469,4.919708
87.367149,-756.181550,6.725249,4.926239
88.232578,-756.699716,6.733875,4.932829
89.098613,-757.216865,6.743406,4.939436
89.965251,-757.733000,6.753844,4.945897
90.832490,-758.248120,6.765107,4.952092
91.700327,-758.762229,6.777045,4.958015
92.568760,-759.275328,6.789534,4.963735
93.437786,-759.787417,6.802490,4.969319
94.307402,-760.298500,6.815793,4.974728
95.177606,-760.808578,6.829293,4.979840
96.048395,-761.317653,6.842906,4.984634
96.919765,-761.825728,6.856715,4.989239
97.791713,-762.332805,6.870961,4.993805
98.664238,-762.838886,6.885979,4.998454
99.537335,-763.343975,6.902143,5.003252
100.411001,-763.848073,6.919778,5.008173
101.285234,-764.351183,6.939036,5.013182
102.160030,-764.853310,6.959867,5.018323
103.035386,-765.354454,6.982091,5.023660
103.911299,-765.854621,7.005307,5.029197
104.787765,-766.353813,7.028816,5.034894
105.664780,-766.852033,7.051836,5.040708
106.542342,-767.349286,7.073807,5.046630
107.420446,-767.845574,7.094389,5.052695
108.299090,-768.340901,7.113325,5.058888
109.178270,-768.835272,7.130523,5.065099
110.057982,-769.328691,7.146232,5.071242
110.938222,-769.821161,7.160943,5.077332
111.818987,-770.312686,7.175016,5.083421
112.700273,-770.803272,7.188508,5.089533
113.582075,-771.292923,7.201392,5.095605
114.464392,-771.781643,7.213656,5.101517
115.347217,-772.269436,7.225075,5.107208
116.230548,-772.756308,7.235183,5.112732
117.114381,-773.242264,7.243528,5.118146
117.998711,-773.727308,7.249697,5.123414
118.883536,-774.211445,7.253165,5.128431
119.768849,-774.694682,7.253409,5.133087
120.654648,-775.177022,7.250245,5.137401
121.540929,-775.658472,7.243846,5.141521
122.427687,-776.139036,7.234471,5.145520
123.314919,-776.618722,7.222361,5.149311
124.202619,-777.097533,7.207885,5.152806
125.090784,-777.575476,7.191545,5.156033
125.979410,-778.052558,7.173644,5.159130
126.868492,-778.528783,7.154119,5.162282
127.758026,-779.004158,7.132871,5.165600
128.648008,-779.478689,7.110045,5.169093
129.538433,-779.952383,7.085834,5.172835
130.429298,-780.425245,7.060283,5.177042
131.320597,-780.897283,7.033502,5.181934
132.212326,-781.368502,7.005877,5.187626
133.104481,-781.838909,6.977799,5.194154
133.997058,-782.308511,6.949399,5.201576
134.890053,-782.777315,6.920658,5.210055
135.783460,-783.245327,6.891534,5.219789
136.677275,-783.712554,6.861795,5.230883
137.571494,-784.179003,6.831015,5.243362
138.466112,-784.644682,6.798869,5.257255
139.361125,-785.109596,6.765334,5.272600
140.256529,-785.573755,6.730724,5.289397
141.152318,-786.037164,6.695633,5.307557
142.048489,-786.499831,6.660629,5.326909
142.945036,-786.961764,6.625973,5.347305
143.841955,-787.422969,6.591681,5.368700
144.739242,-787.883456,6.557631,5.391062
145.636892,-788.343230,6.523518,5.414287
146.534900,-788.802301,6.488956,5.438219
147.433262,-789.260675,6.453645,5.462699
148.331974,-789.718361,6.417466,5.487606
149.231030,-790.175365,6.380672,5.512912
150.130426,-790.631697,6.343898,5.538656
151.030157,-791.087363,6.307725,5.564851
151.930220,-791.542373,6.272461,5.591448
152.830609,-791.996733,6.238343,5.618358
153.731320,-792.450451,6.205465,5.645455
154.632348,-792.903536,6.173548,5.672593
155.533689,-793.355996,6.142077,5.699652
156.435338,-793.807837,6.110644,5.726591
157.337292,-794.259069,6.079100,5.753431
158.239545,-794.709700,6.047489,5.780198
159.142093,-795.159736,6.015938,5.806911
160.044932,-795.609187,5.984639,5.833586
160.948058,-796.058059,5.953867,5.860255
161.851466,-796.506361,5.923895,5.886975
162.755151,-796.954100,5.894838,5.913787
163.659111,-797.401285,5.866577,5.940701
164.563339,-797.847923,5.838987,5.967723
165.467834,-798.294021,5.812044,5.994903
166.372589,-798.739588,5.785528,6.022335
167.277601,-799.184631,5.759040,6.050100
168.182867,-799.629157,5.732334,6.078202
169.088382,-800.073174,5.705360,6.106590
169.994142,-800.516690,5.678113,6.135231
170.900143,-800.959711,5.650634,6.164118
171.806382,-801.402245,5.622991,6.193221
172.712854,-801.844300,5.595229,6.222478
173.619555,-802.285883,5.567382,6.251832
174.526483,-802.727001,5.539526,6.281272
175.433633,-803.167661,5.511759,6.310810
176.341001,-803.607870,5.484152,6.340399
177.248584,-804.047635,5.456715,6.369907
178.156378,-804.486964,5.429431,6.399184
179.064380,-804.925863,5.402302,6.428113
179.972585,-805.364339,5.375338,6.456636
180.880991,-805.802400,5.348525,6.484764
181.789595,-806.240051,5.321896,6.512507
182.698392,-806.677300,5.295536,6.539804
183.607379,-807.114153,5.269487,6.566563
184.516553,-807.550617,5.243727,6.592734
185.425910,-807.986699,5.218236,6.618280
186.335447,-808.422404,5.192996,6.643149
187.245162,-808.857740,5.168019,6.667294
188.155050,-809.292714,5.143378,6.690714
189.065109,-809.727330,5.119135,6.713464
189.975335,-810.161596,5.095288,6.735631
190.885725,-810.595519,5.071814,6.757275
191.796276,-811.029103,5.048682,6.778403
192.706985,-811.462356,5.025880,6.799049
193.617849,-811.895284,5.003440,6.819342
194.528864,-812.327893,4.981399,6.839462
195.440029,-812.760188,4.959742,6.859521
196.351339,-813.192177,4.938429,6.879513
197.262792,-813.623865,4.917450,6.899368
198.174385,-814.055259,4.896816,6.919090
199.086114,-814.486363,4.876525,6.938766
199.997978,-814.917186,4.856564,6.958432
200.909972,-815.347731,4.836918,6.978012
201.822094,-815.778006,4.817578,6.997402
202.734342,-816.208017,4.798541,7.016543
203.646711,-816.637768,4.779807,7.035418
204.559200,-817.067267,4.761370,7.054001
205.471806,-817.496520,4.743220,7.072210
206.384525,-817.925531,4.725350,7.089942
207.297355,-818.354307,4.707762,7.107145
208.210292,-818.782854,4.690452,7.123825
209.123335,-819.211178,4.673401,7.139974
210.036481,-819.639284,4.656597,7.155553
210.949726,-820.067179,4.640042,7.170593
211.863068,-820.494867,4.623730,7.185235
212.776504,-820.922355,4.607640,7.199626
213.690032,-821.349649,4.591747,7.213814
214.603649,-821.776753,4.576039,7.227807
215.517351,-822.203674,4.560508,7.241661
216.431137,-822.630416,4.545125,7.255470
217.345005,-823.056987,4.529854,7.269292
218.258950,-823.483390,4.514739,7.283088
219.172971,-823.909631,4.499921,7.296742
220.087066,-824.335716,4.485530,7.310168
221.001231,-824.761650,4.471640,7.323361
221.915465,-825.187438,4.458302,7.336363
222.829765,-825.613084,4.445502,7.349224
223.744129,-826.038594,4.433110,7.361958
224.658554,-826.463972,4.420929,7.374556
225.573039,-826.889223,4.408802,7.387044
226.487582,-827.314351,4.396638,7.399462
227.402179,-827.739361,4.384369,7.411796
228.316830,-828.164257,4.371943,7.423970
229.231533,-828.589042,4.359329,7.435907
230.146285,-829.013720,4.346552,7.447573
231.061086,-829.438295,4.333753,7.459003
231.975933,-829.862771,4.321130,7.470272
232.890825,-830.287149,4.308809,7.481468
233.805761,-830.711433,4.296851,7.492695
234.720740,-831.135626,4.285258,7.504043
235.635760,-831.559730,4.273948,7.515508
236.550820,-831.983746,4.262827,7.527020
237.465920,-832.407676,4.251886,7.538533
238.381059,-832.831523,4.241167,7.550049
239.296237,-833.255286,4.230662,7.561565
240.211453,-833.678967,4.220245,7.572984
241.126706,-834.102566,4.209752,7.584131
242.041997,-834.526083,4.199158,7.594921
242.957326,-834.949519,4.188598,7.605413
243.872693,-835.372871,4.178184,7.615724
244.788098,-835.796141,4.167909,7.625966
245.703541,-836.219326,4.157749,7.636220
246.619025,-836.642425,4.147712,7.646495
247.534548,-837.065436,4.137791,7.656702
248.450113,-837.488356,4.128001,7.666738
249.365720,-837.911183,4.118397,7.676600
250.281372,-838.333914,4.108961,7.686346
251.197069,-838.756544,4.099574,7.695973
252.112814,-839.179069,4.090122,7.705408
253.028609,-839.601485,4.080573,7.714558
253.944456,-840.023786,4.071020,7.723398
254.860359,-840.445966,4.061674,7.732025
255.776320,-840.868017,4.052674,7.740557
256.692343,-841.289933,4.043983,7.749033
257.608431,-841.711704,4.035526,7.757425
258.524590,-842.133321,4.027288,7.765677
259.440824,-842.554775,4.019216,7.773724
260.357137,-842.976052,4.011251,7.781507
261.273537,-843.397140,4.003384,7.788989
262.190029,-843.818025,3.995610,7.796168
263.106620,-844.238692,3.987985,7.803059
264.023318,-844.659124,3.980725,7.809656
264.940132,-845.079301,3.974090,7.815949
265.857069,-845.499205,3.968156,7.821939
266.774141,-845.918814,3.962813,7.827617
267.691358,-846.338104,3.957948,7.832949
268.608730,-846.757049,3.953500,7.837892
269.526271,-847.175623,3.949420,7.842396
270.443993,-847.593796,3.945668,7.846415
271.361910,-848.011537,3.942227,7.849909
272.280038,-848.428812,3.939155,7.852842
273.198392,-848.845584,3.936583,7.855186
274.116989,-849.261815,3.934620,7.856929
275.035848,-849.677465,3.933314,7.858058
275.954988,-850.092489,3.932710,7.858552
276.874429,-850.506839,3.932915,7.858413
277.794192,-850.920468,3.934011,7.857642
278.714302,-851.333320,3.935994,7.856131
279.634782,-851.745340,3.938927,7.853678
280.555658,-852.156468,3.942974,7.850129
281.476958,-852.566638,3.948233,7.845413
282.398710,-852.975783,3.954720,7.839466
283.320947,-853.383827,3.962434,7.832199
284.243700,-853.790695,3.971368,7.823497
285.167003,-854.196302,3.981502,7.813262
286.090893,-854.600563,3.992817,7.801507
287.015406,-855.003386,4.005363,7.788351
287.940582,-855.404674,4.019278,7.773858
288.866461,-855.804326,4.034773,7.757982
289.793085,-856.202237,4.052123,7.740621
290.720498,-856.598293,4.071603,7.721584
291.648745,-856.992379,4.093432,7.700527
292.577872,-857.384371,4.117756,7.677082
293.507928,-857.774140,4.144680,7.651076
294.438961,-858.161553,4.174340,7.622490
295.371025,-858.546468,4.206924,7.591206
296.304169,-858.928738,4.242590,7.556993
297.238448,-859.308211,4.281438,7.519676
298.173917,-859.684725,4.323543,7.479200
299.110630,-860.058116,4.369000,7.435569
300.048643,-860.428209,4.417978,7.388729
300.988014,-860.794825,4.470720,7.338496
301.928800,-861.157778,4.527492,7.284627
302.871056,-861.516875,4.588523,7.226907
303.814842,-861.871916,4.654034,7.165147
304.760212,-862.222694,4.724293,7.099142
305.707224,-862.568997,4.799645,7.028694
306.655933,-862.910604,4.880483,6.953635
307.606392,-863.247290,4.967173,6.873740
308.558655,-863.578821,5.059976,6.788671
309.512772,-863.904958,5.159045,6.698053
310.468792,-864.225453,5.264493,6.601586
311.426763,-864.540053,5.376460,6.498977
312.386729,-864.848494,5.495385,6.389686
313.348732,-865.150507,5.622325,6.272900
314.312811,-865.445815,5.758549,6.148065
315.278999,-865.734135,5.904803,6.015462
316.247328,-866.015174,6.060952,5.876265
317.217824,-866.288637,6.225773,5.732468
318.190506,-866.554219,6.397319,5.586774
319.165389,-866.811613,6.573556,5.442198
320.142481,-867.060507,6.752528,5.301677
321.121780,-867.300587,6.932732,5.167765
322.103280,-867.531536,7.113310,5.042410
323.086963,-867.753039,7.294071,4.926792
324.072803,-867.964782,7.475010,4.821210
325.060765,-868.166453,7.655250,4.725149
326.050804,-868.357742,7.833501,4.637538
327.042862,-868.538345,8.008227,4.557333
328.036874,-868.707966,8.176836,4.484079
329.032764,-868.866313,8.336423,4.417804
330.030442,-869.013105,8.484767,4.358574
331.029812,-869.148068,8.621315,4.306266
332.030763,-869.270941,8.747702,4.260526
333.033178,-869.381471,8.867008,4.220684
334.036927,-869.479418,8.982930,4.185747
335.041873,-869.564556,9.098620,4.154581
336.047866,-869.636669,9.215962,4.126193
337.054750,-869.695555,9.335042,4.100053
338.062361,-869.741027,9.454049,4.076407
339.070526,-869.772909,9.570235,4.056496
340.079065,-869.791044,9.680799,4.042386
341.087791,-869.795291,9.783382,4.036534
342.096511,-869.785522,9.876241,4.041077
343.105028,-869.761631,9.958856,4.057234
344.113140,-869.723526,10.033212,4.084950
345.120642,-869.671134,10.101372,4.122880
346.127326,-869.604396,10.162687,4.168709
347.132983,-869.523270,10.217108,4.219681
348.137402,-869.427726,10.266986,4.273245
349.140371,-869.317743,10.314224,4.327564
350.141679,-869.193313,10.359441,4.381660
351.141111,-869.054432,10.402780,4.435367
352.138456,-868.901103,10.444165,4.489144
353.133499,-868.733333,10.483299,4.543724
354.126027,-868.551132,10.520068,4.599740
355.115824,-868.354514,10.554817,4.657648
356.102675,-868.143496,10.588207,4.717858
357.086363,-867.918096,10.620982,4.780794
358.066672,-867.678340,10.652926,4.846841
359.043384,-867.424254,10.682633,4.916306
360.016284,-867.155873,10.708026,4.989513
360.985155,-866.873234,10.726545,5.066824
361.949780,-866.576384,10.736125,5.148774
362.909946,-866.265371,10.735823,5.235844
363.865440,-865.940255,10.726409,5.328261
364.816050,-865.601100,10.710579,5.426025
365.761567,-865.247974,10.691169,5.528885
366.701783,-864.880951,10.671069,5.636296
367.636491,-864.500110,10.653332,5.747532
368.565488,-864.105535,10.639480,5.861772
369.488570,-863.697309,10.628455,5.978136
370.405534,-863.275520,10.616742,6.095720
371.316179,-862.840256,10.599936,6.213829
372.220305,-862.391610,10.574395,6.332187
373.117711,-861.929677,10.538888,6.450887
374.008202,-861.454554,10.494550,6.570205
374.891580,-860.966344,10.442901,6.690347
375.767653,-860.465153,10.385243,6.811311
376.636230,-859.951091,10.322326,6.932924
377.497121,-859.424271,10.253602,7.054824
378.350141,-858.884811,10.178062,7.176450
379.195105,-858.332832,10.095389,7.297076
380.031833,-857.768459,10.006353,7.415800
380.860144,-857.191816,9.913050,7.531819
381.679860,-856.603033,9.818085,7.644700
382.490803,-856.002237,9.723097,7.754324
383.292795,-855.389557,9.628681,7.860666
384.085660,-854.765124,9.535082,7.963768
384.869218,-854.129065,9.442022,8.063769
385.643292,-853.481513,9.348408,8.160859
386.407705,-852.822599,9.252605,8.255264
387.162283,-852.152462,9.152814,8.347171
387.906854,-851.471242,9.047699,8.436645
388.641250,-850.779084,8.936214,8.523667
389.365308,-850.076140,8.817234,8.608210
390.078867,-849.362563,8.690240,8.690307
390.781774,-848.638516,8.555527,8.770059
391.473879,-847.904163,8.414100,8.847517
392.155040,-847.159674,8.267745,8.922560
392.825119,-846.405222,8.118500,8.995000
393.483982,-845.640985,7.968521,9.064830
394.131500,-844.867142,7.820138,9.132288
394.767549,-844.083873,7.675329,9.197616
395.392005,-843.291361,7.535187,9.260866
396.004752,-842.489790,7.399954,9.321890
396.605672,-841.679345,7.269370,9.380547
397.194652,-840.860211,7.142551,9.436898
397.771580,-840.032573,7.018281,9.491122
398.336348,-839.196620,6.895968,9.543272
398.888850,-838.352539,6.775836,9.593145
399.428983,-837.500518,6.658567,9.640317
399.956646,-836.640748,6.544963,9.684355
400.471744,-835.773421,6.435554,9.725087
400.974181,-834.898727,6.330351,9.762693
401.463869,-834.016862,6.229097,9.797486
401.940722,-833.128019,6.131620,9.829544
402.404656,-832.232395,6.037464,9.858628
402.855594,-831.330187,5.945797,9.884464
403.293461,-830.421592,5.855968,9.907092
403.718189,-829.506811,5.767689,9.926923
404.129711,-828.586042,5.681031,9.944453
404.527967,-827.659487,5.596482,9.959920
404.912900,-826.727347,5.514738,9.973303
405.284456,-825.789822,5.436509,9.984440
405.642586,-824.847115,5.362410,9.993235
405.987244,-823.899427,5.293079,9.999682
406.318387,-822.946960,5.228926,10.003834
406.635976,-821.989914,5.169667,10.005663
406.939976,-821.028492,5.114569,10.004925
407.230355,-820.062893,5.062797,10.001273
407.507082,-819.093319,5.013294,9.994604
407.770134,-818.119969,4.965010,9.985201
408.019490,-817.143045,4.917221,9.973423
408.255132,-816.162746,4.869674,9.959329
408.477046,-815.179270,4.822660,9.942819
408.685224,-814.192817,4.776759,9.923984
408.879659,-813.203584,4.732664,9.902940
409.060349,-812.211768,4.691049,9.879451
409.227294,-811.217564,4.652494,9.853072
409.380499,-810.221169,4.617322,9.823645
409.519968,-809.222775,4.585317,9.791433
409.645713,-808.222576,4.556047,9.756915
409.757744,-807.220763,4.529266,9.720610
409.856078,-806.217526,4.504734,9.682998
409.940731,-805.213056,4.482282,9.644491
410.011724,-804.207540,4.461904,9.605521
410.069080,-803.201164,4.443695,9.566356
410.112824,-802.194115,4.427779,9.526943
410.142986,-801.186577,4.414201,9.487131
410.159595,-800.178731,4.402835,9.446875
410.162685,-799.170761,4.393453,9.405953
410.152292,-798.162845,4.385879,9.363711
410.128452,-797.155162,4.380015,9.319512
410.091206,-796.147890,4.375824,9.273305
410.040596,-795.141203,4.373484,9.225451
409.976665,-794.135277,4.373372,9.176194
409.899459,-793.130283,4.375716,9.125536
409.809024,-792.126393,4.380587,9.073388
409.705409,-791.123778,4.388070,9.019686
409.588666,-790.122604,4.397931,8.964481
409.458847,-789.123039,4.409404,8.907962
409.316007,-788.125249,4.421671,8.850306
409.160201,-787.129396,4.434136,8.791529
408.991488,-786.135644,4.446472,8.731568
408.809928,-785.144154,4.458813,8.670434
408.615581,-784.155083,4.471838,8.608176
408.408513,-783.168591,4.486552,8.544807
408.188785,-782.184833,4.503689,8.480202
407.956466,-781.203963,4.523419,8.414131
407.711620,-780.226136,4.545639,8.346446
407.454317,-779.251503,4.570110,8.277307
407.184624,-778.280214,4.596762,8.207127
406.902612,-777.312420,4.625611,8.136302
406.608352,-776.348267,4.656141,8.065114
406.301916,-775.387902,4.687852,7.993810
405.983377,-774.431471,4.721101,7.922553
405.652809,-773.479118,4.756663,7.851365
405.310289,-772.530984,4.794951,7.780174
404.955894,-771.587211,4.835668,7.708811
404.589703,-770.647938,4.877576,7.636941
404.211798,-769.713303,4.918495,7.564119
403.822261,-768.783441,4.956161,7.489978
403.421176,-767.858487,4.989405,7.414350
403.008629,-766.938573,5.018876,7.337386
402.584709,-766.023829,5.046555,7.259636
402.149505,-765.114386,5.074435,7.181735
401.703106,-764.210368,5.104236,7.103999
401.245604,-763.311904,5.137996,7.026535
400.777091,-762.419115,5.177077,6.949589
400.297662,-761.532126,5.220639,6.873610
399.807409,-760.651057,5.266687,6.799066
399.306427,-759.776028,5.314023,6.726257
398.794814,-758.907157,5.362253,6.655129
398.272666,-758.044559,5.410757,6.585337
397.740081,-757.188350,5.458836,6.516538
397.197158,-756.338643,5.506648,6.448498
396.643999,-755.495548,5.554839,6.380951
396.080705,-754.659175,5.603575,6.313588
395.507378,-753.829632,5.652720,6.246056
394.924121,-753.007025,5.702152,6.177829
394.331040,-752.191458,5.751754,6.108257
393.728238,-751.383033,5.801683,6.036962
393.115823,-750.581852,5.852126,5.964184
392.493900,-749.788014,5.902693,5.890560
391.862578,-749.001617,5.952901,5.816726
391.221964,-748.222756,6.002987,5.743190
390.572168,-747.451525,6.053437,5.670401
389.913301,-746.688016,6.103989,5.598994
389.245475,-745.932318,6.154249,5.529815
388.568802,-745.184518,6.204644,5.463480
387.883397,-744.444702,6.255656,5.399961
387.189375,-743.712952,6.306975,5.338789
386.486853,-742.989348,6.358085,5.279609
385.775947,-742.273968,6.408878,5.222239
385.056775,-741.566886,6.459513,5.166311
384.329457,-740.868178,6.510215,5.111272
383.594112,-740.177912,6.561144,5.056673
382.850859,-739.496159,6.612109,5.002075
382.099820,-738.822985,6.662842,4.947016
381.341115,-738.158454,6.713688,4.891459
380.574865,-737.502628,6.764968,4.836094
379.801191,-736.855568,6.815981,4.781713
379.020217,-736.217331,6.865789,4.728488
378.232065,-735.587973,6.914310,4.676196
377.436858,-734.967544,6.961650,4.624892
376.634720,-734.356096,7.007354,4.575053
375.825777,-733.753673,7.051059,4.527159
375.010153,-733.160320,7.092888,4.481196
374.187975,-732.576075,7.132925,4.436834
373.359371,-732.000975,7.171182,4.394012
372.524468,-731.435051,7.207649,4.353053
371.683396,-730.878332,7.241960,4.314323
370.836284,-730.330841,7.273897,4.278195
369.983263,-729.792598,7.304045,4.245251
369.124463,-729.263617,7.332738,4.215917
368.260017,-728.743910,7.359239,4.189977
367.390057,-728.233481,7.383206,4.166998
366.514716,-727.732331,7.405563,4.146911
365.634127,-727.240454,7.427007,4.129655
364.748424,-726.757842,7.447097,4.114787
363.857742,-726.284476,7.465374,4.101804
362.962213,-725.820338,7.481925,4.090592
362.061974,-725.365398,7.496845,4.081272
361.157158,-724.919625,7.510048,4.073778
360.247898,-724.482978,7.521136,4.067905
359.334331,-724.055412,7.529475,4.063657
358.416588,-723.636876,7.535109,4.061182
357.494804,-723.227310,7.538784,4.060425
356.569110,-722.826650,7.540451,4.061258
355.639639,-722.434825,7.539102,4.063881
354.706522,-722.051757,7.534456,4.068620
353.769888,-721.677362,7.527095,4.075471
352.829865,-721.311551,7.516894,4.084172
351.886580,-720.954226,7.502968,4.094524
350.940158,-720.605287,7.484883,4.106474
349.990722,-720.264626,7.462666,4.119984
349.038393,-719.932132,7.436219,4.135009
348.083289,-719.607686,7.405451,4.151993
347.125527,-719.291166,7.370208,4.172382
346.165221,-718.982446,7.330114,4.198427
345.202482,-718.681393,7.285258,4.232672
344.237419,-718.387873,7.236286,4.277667
343.270137,-718.101744,7.183177,4.335401
342.300741,-717.822866,7.125201,4.406398
341.329330,-717.551090,7.062271,4.489489
340.356000,-717.286270,6.994930,4.582417
339.380847,-717.028253,6.923144,4.682501
338.403960,-716.776889,6.846279,4.787145
337.425426,-716.532022,6.763744,4.894380
336.445330,-716.293500,6.674939,5.003166
335.463752,-716.061167,6.579299,5.113295
334.480770,-715.834869,6.476662,5.225072
333.496458,-715.614452,6.367246,5.338913
332.510886,-715.399762,6.251787,5.454982
331.524121,-715.190647,6.131848,5.572769
330.536230,-714.986957,6.009545,5.690916
329.547272,-714.788542,5.886871,5.807598
328.557306,-714.595255,5.765555,5.921117
327.566388,-714.406952,5.647393,6.030225
326.574570,-714.223489,5.533950,6.134146
325.581903,-714.044727,5.425978,6.232632
324.588433,-713.870529,5.323487,6.325951
323.594205,-713.700762,5.226080,6.414637
322.599261,-713.535295,5.133298,6.499261
321.603641,-713.374000,5.044900,6.580313
320.607383,-713.216753,4.960798,6.658058
319.610522,-713.063432,4.880858,6.732536
318.613091,-712.913921,4.804908,6.803708
317.615122,-712.768105,4.732877,6.871556
316.616645,-712.625873,4.664746,6.936047
315.617687,-712.487119,4.600365,6.997217
314.618275,-712.351738,4.539480,7.055300
313.618433,-712.219632,4.481897,7.110601
312.618185,-712.090704,4.427498,7.163220
311.617552,-711.964861,4.376187,7.213018
310.616554,-711.842016,4.327867,7.259801
309.615212,-711.722082,4.282420,7.303407
308.613542,-711.604978,4.239731,7.343726
307.611562,-711.490625,4.199742,7.380751
306.609287,-711.378946,4.162433,7.414587
305.606733,-711.269869,4.127773,7.445473
304.603915,-711.163321,4.095746,7.473762
303.600844,-711.059233,4.066332,7.499810
302.597535,-710.957537,4.039395,7.523915
301.594000,-710.858165,4.014729,7.546319
300.590250,-710.761052,3.992225,7.567170
299.586296,-710.666133,3.971853,7.586482
298.582148,-710.573344,3.953533,7.604129
297.577818,-710.482622,3.937150,7.619948
296.573313,-710.393907,3.922627,7.633838
295.568644,-710.307137,3.909957,7.645769
294.563818,-710.222254,3.899168,7.655777
293.558844,-710.139201,3.890259,7.663954
292.553729,-710.057920,3.883165,7.670393
291.548481,-709.978357,3.877791,7.675112
290.543106,-709.900458,3.874045,7.678072
289.537611,-709.824173,3.871836,7.679246
288.532003,-709.749449,3.871071,7.678644
287.526286,-709.676239,3.871666,7.676272
286.520466,-709.604495,3.873564,7.672165
285.514549,-709.534172,3.876751,7.666465
284.508540,-709.465225,3.881235,7.659413
283.502442,-709.397612,3.887020,7.651263
282.496260,-709.331291,3.894120,7.642182
281.489999,-709.266223,3.902541,7.632218
280.483661,-709.202370,3.912225,7.621389
279.477252,-709.139694,3.923080,7.609742
278.470774,-709.078160,3.935033,7.597230
277.464230,-709.017735,3.948029,7.583662
276.457624,-708.958385,3.962013,7.568874
275.450958,-708.900078,3.976943,7.552838
274.444235,-708.842784,3.992802,7.535621
273.437458,-708.786474,4.009596,7.517389
272.430629,-708.731120,4.027344,7.498417
271.423751,-708.676693,4.046054,7.478971
270.416825,-708.623168,4.065657,7.459194
269.409854,-708.570520,4.086057,7.439082
268.402839,-708.518723,4.107228,7.418496
267.395783,-708.467755,4.129211,7.397198
266.388687,-708.417592,4.152031,7.374923
265.381553,-708.368213,4.175689,7.351385
264.374382,-708.319595,4.200168,7.326297
263.367175,-708.271719,4.225439,7.299538
262.359935,-708.224563,4.251491,7.271250
261.352663,-708.178109,4.278350,7.241749
260.345359,-708.132336,4.306059,7.211398
259.338025,-708.087227,4.334636,7.180524
258.330662,-708.042762,4.364046,7.149335
257.323271,-707.998925,4.394180,7.117895
256.315854,-707.955697,4.424886,7.086243
255.308410,-707.913061,4.456097,7.054422
254.300941,-707.871000,4.487914,7.022360
253.293448,-707.829497,4.520470,6.989829
252.285932,-707.788535,4.553770,6.956557
251.278393,-707.748099,4.587747,6.922326
250.270832,-707.708171,4.622377,6.887039
249.263250,-707.668736,4.657690,6.850728
248.255648,-707.629776,4.693718,6.813485
247.248025,-707.591276,4.730451,6.775442
246.240384,-707.553219,4.767845,6.736802
245.232724,-707.515589,4.805804,6.697789
244.225046,-707.478368,4.844196,6.658508
243.217351,-707.441542,4.882939,6.618925
242.209639,-707.405092,4.922064,6.579006
241.201910,-707.369001,4.961676,6.538700
240.194166,-707.333253,5.001847,6.497835
239.186406,-707.297830,5.042552,6.456219
238.178631,-707.262713,5.083746,6.413759
237.170842,-707.227886,5.125455,6.370429
236.163039,-707.193329,5.167724,6.326218
235.155223,-707.159024,5.210543,6.281133
234.147393,-707.124952,5.253846,6.235266
233.139551,-707.091093,5.297568,6.188810
232.131697,-707.057427,5.341656,6.142034
231.123832,-707.023934,5.386064,6.095220
230.115955,-706.990592,5.430781,6.048526
229.108068,-706.957381,5.475828,6.001992
228.100171,-706.924279,5.521210,5.955703
227.092265,-706.891262,5.566874,5.909778
226.084350,-706.858308,5.612747,5.864231
225.076427,-706.825393,5.658822,5.818919
224.068496,-706.792494,5.705130,5.773540
223.060558,-706.759584,5.751631,5.727705
222.052614,-706.726638,5.798234,5.681118
221.044665,-706.693630,5.844893,5.633706
220.036711,-706.660534,5.891629,5.585595
219.028753,-706.627321,5.938462,5.537000
218.020793,-706.593962,5.985388,5.488086
217.012830,-706.560429,6.032401,5.438971
216.004867,-706.526691,6.079471,5.389846
214.996905,-706.492716,6.126476,5.341020
213.988944,-706.458472,6.173240,5.292814
212.980986,-706.423925,6.219671,5.245371
211.973032,-706.389041,6.265792,5.198559
210.965083,-706.353786,6.311650,5.152019
209.957143,-706.318121,6.357252,5.105336
208.949211,-706.282011,6.402584,5.058224
207.941290,-706.245416,6.447632,5.010648
206.933382,-706.208297,6.492405,4.962754
205.925488,-706.170615,6.536886,4.914801
204.917612,-706.132328,6.580966,4.867131
203.909755,-706.093393,6.624473,4.820084
202.901920,-706.053768,6.667282,4.774009
201.894110,-706.013407,6.709335,4.729276
200.886327,-705.972267,6.750611,4.686101
199.878575,-705.930299,6.791125,4.644440
198.870856,-705.887458,6.830857,4.604082
197.863175,-705.843694,6.869674,4.564775
196.855535,-705.798957,6.907430,4.526359
195.847940,-705.753196,6.944078,4.488837
194.840394,-705.706360,6.979646,4.452385
193.832901,-705.658394,7.014148,4.417285
192.825466,-705.609242,7.047533,4.383746
191.818095,-705.558849,7.079684,4.351735
190.810792,-705.507156,7.110491,4.321043
189.803563,-705.454104,7.139916,4.291476
188.796413,-705.399630,7.167969,4.262901
187.789350,-705.343672,7.194624,4.235209
186.782379,-705.286163,7.219782,4.208372
185.775508,-705.227038,7.243283,4.182550
184.768744,-705.166227,7.264957,4.158039
183.762095,-705.103658,7.284708,4.135188
182.755570,-705.039259,7.302516,4.114400
181.749176,-704.972954,7.318318,4.096096
180.742925,-704.904665,7.331998,4.080567
179.736825,-704.834313,7.343445,4.067872
178.730888,-704.761815,7.352526,4.057846
177.725124,-704.687085,7.359135,4.050265
176.719547,-704.610038,7.363311,4.045080
175.714169,-704.530582,7.365150,4.042443
174.709004,-704.448625,7.364612,4.042490
173.704066,-704.364075,7.361475,4.045268
172.699370,-704.276833,7.355375,4.050772
171.694933,-704.186803,7.345965,4.058926
170.690772,-704.093883,7.333225,4.069719
169.686906,-703.997974,7.317396,4.083331
168.683352,-703.898972,7.298524,4.100012
167.680131,-703.796775,7.276440,4.119969
166.677264,-703.691277,7.251080,4.143434
165.674773,-703.582376,7.222454,4.170720
164.672680,-703.469967,7.190477,4.202156
163.671010,-703.353946,7.154992,4.238022
162.669787,-703.234210,7.115814,4.278549
161.669038,-703.110655,7.072628,4.323834
160.668788,-702.983182,7.024983,4.373823
159.669066,-702.851690,6.972516,4.428433
158.669901,-702.716083,6.915086,4.487659
157.671321,-702.576264,6.852784,4.551639
156.673357,-702.432143,6.785980,4.620595
155.676040,-702.283629,6.715049,4.694605
154.679402,-702.130638,6.639833,4.773546
153.683475,-701.973086,6.559804,4.857286
152.688292,-701.810898,6.474924,4.945799
151.693886,-701.643998,6.385847,5.038994
150.700291,-701.472319,6.293212,5.136643
149.707541,-701.295796,6.197219,5.238549
148.715670,-701.114369,6.097843,5.344664
147.724713,-700.927981,5.995018,5.455048
146.734705,-700.736581,5.888777,5.569799
145.745681,-700.540120,5.779364,5.689069
144.757677,-700.338554,5.667148,5.812910
143.770727,-700.131842,5.552529,5.940743
142.784867,-699.919946,5.436134,6.071167
141.800133,-699.702831,5.318995,6.202256
140.816561,-699.480468,5.202224,6.331895
139.834187,-699.252827,5.086722,6.458239
138.853046,-699.019886,4.973408,6.579978
137.873173,-698.781621,4.863114,6.696442
136.894604,-698.538017,4.756168,6.807668
135.917374,-698.289057,4.652576,6.914017
134.941518,-698.034729,4.552533,7.015881
133.967069,-697.775023,4.456474,7.113641
132.994063,-697.509933,4.364849,7.207409
132.022533,-697.239452,4.278065,7.297011
131.052513,-696.963577,4.196640,7.381771
130.084037,-696.682305,4.121423,7.460274
129.117138,-696.395635,4.053651,7.530896
128.151849,-696.103569,3.994553,7.592323
127.188203,-695.806109,3.944895,7.643771
126.226233,-695.503258,3.905274,7.685001
125.265970,-695.195024,3.876416,7.716125
124.307446,-694.881414,3.858989,7.737447
123.350691,-694.562439,3.853187,7.749433
122.395736,-694.238110,3.858530,7.752494
121.442609,-693.908442,3.874022,7.746971
120.491339,-693.573452,3.898615,7.733317
119.541954,-693.233155,3.931620,7.712075
118.594481,-692.887570,3.972698,7.683766
117.648947,-692.536715,4.021568,7.648870
116.705380,-692.180607,4.077793,7.607709
115.763807,-691.819267,4.140697,7.560384
114.824253,-691.452711,4.209477,7.506863
113.886746,-691.080958,4.283336,7.447000
112.951312,-690.704027,4.361484,7.380372
112.017976,-690.321937,4.443209,7.306175
111.086764,-689.934709,4.528220,7.223439
110.157699,-689.542368,4.616875,7.131304
109.230803,-689.144940,4.710011,7.029162
108.306097,-688.742457,4.808496,6.916794
107.383596,-688.334955,4.912838,6.794627
106.463316,-687.922475,5.023064,6.663951
105.545269,-687.505064,5.138707,6.526957
104.629464,-687.082771,5.258863,6.386418
103.715905,-686.655654,5.382295,6.245318
102.804595,-686.223774,5.507495,6.106441
101.895532,-685.787196,5.632741,5.972071
100.988713,-685.345990,5.756276,5.843778
100.084128,-684.900233,5.876624,5.722231
99.181768,-684.450002,5.992743,5.607330
98.281618,-683.995380,6.103878,5.498537
97.383659,-683.536453,6.209396,5.395144
96.487872,-683.073311,6.308814,5.296483
95.594233,-682.606046,6.401865,5.202099
94.702713,-682.134755,6.488602,5.111885
93.813285,-681.659535,6.569442,5.026004
92.925913,-681.180487,6.644990,4.944660
92.040564,-680.697716,6.715745,4.868000
91.157198,-680.211326,6.782028,4.796117
90.275774,-679.721424,6.844160,4.729030
89.396249,-679.228121,6.902558,4.666640
88.518576,-678.731527,6.957597,4.608740
87.642706,-678.231754,7.009486,4.555033
86.768590,-677.728916,7.058257,4.505155
85.896175,-677.223126,7.103802,4.458724
85.025405,-676.714501,7.145979,4.415397
84.156226,-676.203156,7.184715,4.374903
83.288579,-675.689205,7.220039,4.337082
82.422405,-675.172767,7.252024,4.301889
81.557645,-674.653955,7.280665,4.269365
80.694237,-674.132886,7.305806,4.239553
79.832120,-673.609674,7.327330,4.212485
78.971230,-673.084433,7.345399,4.188216
78.111506,-672.557277,7.360525,4.166739
77.252886,-672.028315,7.373340,4.147878
76.395305,-671.497658,7.384217,4.131317
75.538703,-670.965414,7.393214,4.116724
74.683017,-670.431688,7.400463,4.103804
73.828187,-669.896584,7.406407,4.092300
72.974154,-669.360200,7.411566,4.082055
72.120860,-668.822634,7.416230,4.073082
71.268248,-668.283979,7.420416,4.065428
70.416265,-667.744324,7.423974,4.058957
69.564860,-667.203752,7.426667,4.053476
68.713983,-666.662345,7.428369,4.048970
67.863587,-666.120177,7.429248,4.045554
67.013631,-665.577318,7.429618,4.043305
66.164072,-665.033834,7.429635,4.042192
65.314873,-664.489784,7.429307,4.042114
64.466000,-663.945226,7.428622,4.042936
63.617419,-663.400211,7.427628,4.044487
62.769098,-662.854792,7.426569,4.046541
61.921005,-662.309016,7.425767,4.048857
61.073113,-661.762928,7.425218,4.051246
60.225396,-661.216567,7.424580,4.053591
59.377835,-660.669966,7.423478,4.055708
58.530410,-660.123152,7.421593,4.057378
57.683108,-659.576147,7.418700,4.058630
56.835921,-659.028965,7.414715,4.059764
55.988844,-658.481613,7.409585,4.061055
55.141878,-657.934090,7.403263,4.062665
54.295028,-657.386386,7.395853,4.064741
53.448308,-656.838483,7.387642,4.067392
52.601735,-656.290353,7.378958,4.070590
51.755334,-655.741961,7.370061,4.074194
50.909134,-655.193258,7.361114,4.078049
50.063174,-654.644188,7.352135,4.082055
49.217496,-654.094684,7.342964,4.086155
48.372153,-653.544670,7.333351,4.090345
47.527202,-652.994057,7.323052,4.094680
46.682708,-652.442747,7.311895,4.099323
45.838745,-651.890630,7.299902,4.104623
44.995392,-651.337587,7.287284,4.111067
44.152739,-650.783485,7.274235,4.119097
43.310881,-650.228183,7.260850,4.129006
42.469922,-649.671527,7.247169,4.141050
41.629977,-649.113353,7.233089,4.155506
40.791165,-648.553487,7.218265,4.172549
39.953616,-647.991743,7.202156,4.192202
39.117470,-647.427927,7.184153,4.214524
38.282873,-646.861833,7.163671,4.239692
37.449981,-646.293247,7.140193,4.267897
36.618959,-645.721946,7.113294,4.299331
35.789982,-645.147698,7.082709,4.334287
34.963233,-644.570263,7.048350,4.373178
34.138905,-643.989396,7.010070,4.416479
33.317200,-643.404841,6.967350,4.464670
32.498331,-642.816338,6.919348,4.518247
31.682519,-642.223623,6.865100,4.577785
30.869997,-641.626422,6.803530,4.643919
30.061010,-641.024460,6.733473,4.717305
29.255809,-640.417456,6.653855,4.798712
28.454661,-639.805129,6.563891,4.888826
27.657838,-639.187194,6.463246,4.987677
26.865626,-638.563368,6.352179,5.094478
26.078318,-637.933371,6.231624,5.207914
25.296217,-637.296925,6.103160,5.326482
24.519632,-636.653760,5.968909,5.448794
23.748880,-636.003614,5.831355,5.573281
22.984281,-635.346234,5.693044,5.697817
22.226162,-634.681384,5.556383,5.819962
21.474847,-634.008841,5.423692,5.937202
20.730663,-633.328402,5.297102,6.047212
19.993934,-632.639881,5.178016,6.148201
19.264982,-631.943116,5.066787,6.239128
18.544119,-631.237967,4.963023,6.319698
17.831651,-630.524320,4.865998,6.389875
17.127872,-629.802085,4.774747,6.449873
16.433063,-629.071202,4.688123,6.500678
15.747490,-628.331635,4.605078,6.543749
15.071403,-627.583374,4.524903,6.580757
14.405031,-626.826439,4.447189,6.613392
13.748587,-626.060872,4.371730,6.642424
13.102260,-625.286740,4.298581,6.667530
12.466222,-624.504129,4.228043,6.688155
11.840627,-623.713143,4.160629,6.703947
11.225615,-622.913901,4.097074,6.714531
10.621315,-622.106529,4.038420,6.719140
10.027849,-621.291160,3.985953,6.716868
9.445336,-620.467931,3.940946,6.707053
8.873887,-619.636982,3.904487,6.689108
8.313610,-618.798459,3.877537,6.662402
7.764607,-617.952508,3.860959,6.626483
7.226976,-617.099283,3.855316,6.581173
6.700807,-616.238937,3.860490,6.526695
6.186185,-615.371629,3.875655,6.463758
5.683190,-614.497521,3.899739,6.393296
5.191895,-613.616777,3.931764,6.316325
4.712368,-612.729562,3.970897,6.234173
4.244673,-611.836045,4.016320,6.148436
3.788866,-610.936398,4.067024,6.060505
3.344989,-610.030796,4.121583,5.971457
2.913064,-609.119427,4.178230,5.882266
2.493082,-608.202488,4.235401,5.793656
2.084999,-607.280189,4.292127,5.705619
1.688730,-606.352753,4.347919,5.617173
1.304149,-605.420410,4.402748,5.526774
0.931090,-604.483402,4.457079,5.433036
0.569346,-603.541973,4.511882,5.334939
0.218673,-602.596370,4.568549,5.232153
-0.121207,-601.646842,4.628473,5.125099
-0.450607,-600.693634,4.692442,5.014500
-0.769868,-599.736991,4.760306,4.901590
-1.079359,-598.777148,4.830998,4.788479
-1.379470,-597.814338,4.902766,4.677882
-1.670614,-596.848782,4.973453,4.572619
-1.953217,-595.880696,5.040901,4.475180
-2.227719,-594.910283,5.103309,4.387487
-2.494569,-593.937740,5.159400,4.310704
-2.754222,-592.963250,5.208494,4.245202
-3.007137,-591.986988,5.250469,4.190899
-3.253771,-591.009119,5.285636,4.147358
-3.494580,-590.029797,5.314591,4.113647
-3.730014,-589.049166,5.337998,4.088392
-3.960519,-588.067361,5.356446,4.069933
-4.186527,-587.084508,5.370426,4.056738
-4.408463,-586.100725,5.380362,4.047785
-4.626737,-585.116120,5.386646,4.042439
-4.841741,-584.130793,5.389664,4.040196
-5.053853,-583.144837,5.389786,4.040678
-5.263430,-582.158336,5.387371,4.043658
-5.470808,-581.171369,5.382768,4.048915
-5.676303,-580.184007,5.376274,4.056131
-5.880212,-579.196314,5.368160,4.064952
-6.082810,-578.208350,5.358704,4.075073
-6.284352,-577.220168,5.348199,4.086218
-6.485072,-576.231818,5.336926,4.098130
-6.685188,-575.243345,5.325152,4.110589
-6.884894,-574.254787,5.313114,4.123413
-7.084369,-573.266181,5.300997,4.136422
-7.283772,-572.277559,5.288918,4.149425
-7.483246,-571.288951,5.276979,4.162250
-7.682915,-570.300380,5.265318,4.174776
-7.882893,-569.311870,5.254100,4.186906
-8.083274,-568.323440,5.243425,4.198551
-8.284145,-567.335108,5.233321,4.209634
-8.485579,-566.346889,5.223822,4.220089
-8.687640,-565.358796,5.215009,4.229855
-8.890384,-564.370841,5.206945,4.238876
-9.093857,-563.383034,5.199635,4.247111
-9.298101,-562.395385,5.193085,4.254535
-9.503151,-561.407901,5.187345,4.261126
-9.709040,-560.420590,5.182460,4.266859
-9.915793,-559.433458,5.178424,4.271709
-10.123433,-558.446510,5.175209,4.275656
-10.331983,-557.459753,5.172839,4.278690
-10.541458,-556.473191,5.171403,4.280808
-10.751873,-555.486827,5.170950,4.282010
-10.963242,-554.500666,5.171409,4.282294
-11.175574,-553.514711,5.172718,4.281658
-11.388877,-552.528966,5.174931,4.280107
-11.603157,-551.543431,5.178108,4.277656
-11.818415,-550.558110,5.182228,4.274327
-12.034650,-549.573003,5.187258,4.270150
-12.251858,-548.588111,5.193183,4.265152
-12.470029,-547.603432,5.199937,4.259354
-12.689148,-546.618965,5.207442,4.252779
-12.909193,-545.634706,5.215677,4.245454
-13.130137,-544.650649,5.224647,4.237418
-13.351942,-543.666789,5.234327,4.228714
-13.574563,-542.683115,5.244656,4.219394
-13.797943,-541.699615,5.255551,4.209513
-14.022016,-540.716275,5.266965,4.199124
-14.246703,-539.733077,5.278884,4.188292
-14.471917,-538.750003,5.291242,4.177091
-14.697559,-537.767029,5.303890,4.165604
-14.923520,-536.784131,5.316697,4.153914
-15.149685,-535.801282,5.329597,4.142100
-15.375926,-534.818454,5.342516,4.130249
-15.602107,-533.835614,5.355331,4.118462
-15.828081,-532.852728,5.367910,4.106850
-16.053679,-531.869759,5.380116,4.095547
-16.278708,-530.886661,5.391791,4.084721
-16.502944,-529.903385,5.402724,4.074580
-16.726127,-528.919871,5.412661,4.065358
-16.947955,-527.936053,5.421355,4.057347
-17.168081,-526.951855,5.428582,4.050933
-17.386102,-525.967191,5.434015,4.046547
-17.601556,-524.981965,5.437150,4.044566
-17.813913,-523.996071,5.437423,4.045375
-18.022565,-523.009392,5.434285,4.049495
-18.226814,-522.021800,5.427133,4.057527
-18.425866,-521.033156,5.415271,4.070100
-18.618826,-520.043319,5.397797,4.088147
-18.804686,-519.052141,5.373409,4.113199
-18.982315,-518.059475,5.340358,4.147362
-19.150452,-517.065179,5.296602,4.193192
-19.307692,-516.069125,5.240252,4.253481
-19.452477,-515.071205,5.170146,4.330909
-19.583085,-514.071343,5.086077,4.427704
-19.697623,-513.069513,4.988813,4.545344
-19.794018,-512.065754,4.880131,4.684722
-19.870017,-511.060194,4.762675,4.847290
-19.923190,-510.053083,4.639892,5.036530
-19.950939,-509.044823,4.516128,5.258060
-19.950522,-508.036005,4.396291,5.518078
-19.919090,-507.027456,4.284908,5.822234
-19.853736,-506.020276,4.185344,6.177468
-19.751565,-505.015873,4.099489,6.594045
-19.609788,-504.015991,4.027744,7.077484
-19.425822,-503.022714,3.969357,7.611852
-19.197407,-502.038451,3.923040,8.156075
-18.922725,-501.065885,3.887253,8.661306
-18.600505,-500.107896,3.860370,9.092943
-18.230108,-499.167453,3.840871,9.438798
-17.811565,-498.247482,3.827537,9.701692
-17.345540,-497.350758,3.819661,9.886848
-16.833176,-496.479849,3.817007,9.993889
-16.275867,-495.637169,3.819606,10.021465
-15.675150,-494.825019,3.827422,9.971673
-15.032717,-494.045578,3.840312,9.844883
-14.350464,-493.300856,3.858504,9.633842
-13.630556,-492.592585,3.883076,9.328842
-12.875455,-491.922109,3.916178,8.931048
-12.087878,-491.290295,3.960642,8.459672
-11.270719,-490.697499,4.018982,7.946884
-10.426944,-490.143568,4.092159,7.422767
-9.559503,-489.627867,4.178993,6.908468
-8.671246,-489.149332,4.276483,6.422787
-7.764861,-488.706536,4.380694,5.984576
-6.842830,-488.297758,4.488060,5.606646
-5.907400,-487.921063,4.596251,5.289512
-4.960575,-487.574365,4.703948,5.025059
-4.004114,-487.255500,4.810044,4.804817
-3.039547,-486.962274,4.913159,4.622514
-2.068188,-486.692511,5.011648,4.473332
-1.091160,-486.444092,5.103489,4.352971
-0.109410,-486.214982,5.186218,4.257154
0.876263,-486.003249,5.257488,4.181994
1.865189,-485.807084,5.315752,4.124357
2.856812,-485.624804,5.360445,4.081847
3.850668,-485.454864,5.391817,4.052649
4.846374,-485.295855,5.410845,4.035319
5.843615,-485.146508,5.419145,4.028591
6.842130,-485.005686,5.418541,4.031297
7.841706,-484.872383,5.410474,4.042373
8.842168,-484.745709,5.395913,4.060823
9.843373,-484.624883,5.375665,4.085624
10.845202,-484.509215,5.350506,4.115761
11.847557,-484.398093,5.321106,4.150350
12.850356,-484.290976,5.288043,4.188696
13.853531,-484.187381,5.251835,4.230256
14.857024,-484.086873,5.212880,4.274594
15.860787,-483.989060,5.171446,4.321321
16.864777,-483.893588,5.127801,4.370092
17.868958,-483.800130,5.082313,4.420611
18.873298,-483.708386,5.035357,4.472623
19.877769,-483.618074,4.987161,4.525889
20.882346,-483.528931,4.937818,4.580173
21.887005,-483.440708,4.887424,4.635237
22.891725,-483.353165,4.836148,4.690848
23.896485,-483.266068,4.784248,4.746802
24.901265,-483.179182,4.732116,4.802917
25.906046,-483.092271,4.680188,4.858996
26.910806,-483.005097,4.628743,4.914801
27.915525,-482.917422,4.577857,4.970079
28.920182,-482.829017,4.527469,5.024603
29.924758,-482.739657,4.477530,5.078174
30.929233,-482.649128,4.428055,5.130621
31.933585,-482.557230,4.379036,5.181797
32.937795,-482.463774,4.330470,5.231575
33.941845,-482.368581,4.282489,5.279824
34.945713,-482.271485,4.235341,5.326404
35.949379,-482.172326,4.189366,5.371184
36.952824,-482.070950,4.145016,5.414035
37.956026,-481.967205,4.102829,5.454795
38.958962,-481.860940,4.063259,5.493245
39.961608,-481.751998,4.026526,5.529110
40.963938,-481.640217,3.992708,5.562125
41.965923,-481.525425,3.961934,5.592072
42.967531,-481.407438,3.934413,5.618744
43.968728,-481.286056,3.910395,5.641907
44.969473,-481.161060,3.890165,5.661315
45.969722,-481.032202,3.874076,5.676709
46.969423,-480.899206,3.862519,5.687812
47.968516,-480.761760,3.855857,5.694300
48.966930,-480.619512,3.854458,5.695830
49.964585,-480.472066,3.858776,5.692042
50.961388,-480.318984,3.869298,5.682572
51.957229,-480.159786,3.886467,5.667126
52.951987,-479.993952,3.910766,5.645485
53.945519,-479.820927,3.942878,5.617185
54.937669,-479.640127,3.983749,5.581233
55.928259,-479.450949,4.034613,5.536201
56.917093,-479.252775,4.096776,5.480466
57.903956,-479.044984,4.171143,5.412484
58.888617,-478.826958,4.258033,5.331244
59.870819,-478.598079,4.357074,5.236973
60.850287,-478.357722,4.466817,5.131749
61.826717,-478.105255,4.584340,5.019454
62.799777,-477.840040,4.705039,4.905232
63.769106,-477.561436,4.822590,4.794764
64.734317,-477.268805,4.929512,4.693134
65.694987,-476.961519,5.019323,4.603693
66.650666,-476.638959,5.089969,4.527634
67.600873,-476.300530,5.145716,4.464150
68.545097,-475.945658,5.195075,4.410917
69.482799,-475.573805,5.245574,4.364743
70.413416,-475.184471,5.298575,4.322417
71.336361,-474.777203,5.348530,4.281514
72.251030,-474.351602,5.388771,4.240978
73.156808,-473.907327,5.417494,4.201391
74.053068,-473.444103,5.436965,4.164477
74.939186,-472.961724,5.450710,4.132151
75.814540,-472.460057,5.464108,4.105908
76.678521,-471.939040,5.483619,4.086512
77.530536,-471.398684,5.511446,4.073734
78.370013,-470.839070,5.541556,4.066414
79.196407,-470.260341,5.562748,4.062902
80.009197,-469.662696,5.568469,4.061488
80.807887,-469.046381,5.566169,4.060806
81.592005,-468.411680,5.572669,4.060189
82.361100,-467.758907,5.595084,4.059490
83.114738,-467.088397,5.620900,4.058659
83.852497,-466.400504,5.630358,4.057846
84.573969,-465.695592,5.614403,4.057477
85.278760,-464.974043,5.581204,4.057705
85.966484,-464.236245,5.549111,4.057982
86.636763,-463.482594,5.532829,4.057584
87.289232,-462.713499,5.534079,4.056289
87.923535,-461.929376,5.542774,4.054297
88.539327,-461.130650,5.545696,4.051844
89.136276,-460.317754,5.536560,4.049277
89.714059,-459.491131,5.519423,4.047354
90.272365,-458.651230,5.502290,4.047348
90.810892,-457.798505,5.489044,4.050565
91.329354,-456.933425,5.477186,4.057703
91.827483,-456.056464,5.462745,4.068815
92.305029,-455.168111,5.446602,4.083713
92.761769,-454.268866,5.432606,4.102141
93.197510,-453.359242,5.420897,4.123653
93.612099,-452.439769,5.407754,4.147626
94.005441,-451.510996,5.390566,4.173546
94.377506,-450.573490,5.369364,4.201238
94.728343,-449.627835,5.344854,4.230988
95.058085,-448.674625,5.317439,4.263352
95.366954,-447.714460,5.286944,4.298825
95.655257,-446.747939,5.252109,4.337947
95.923391,-445.775651,5.211101,4.381618
96.171830,-444.798170,5.163019,4.431062
96.401126,-443.816051,5.108569,4.487540
96.611898,-442.829818,5.048844,4.552138
96.804827,-441.839968,4.983746,4.625496
96.980643,-440.846962,4.911682,4.707419
97.140123,-439.851224,4.831059,4.796572
97.284076,-438.853144,4.741842,4.890770
97.413337,-437.853070,4.645854,4.987347
97.528762,-436.851317,4.546543,5.083534
97.631214,-435.848161,4.448082,5.176637
97.721561,-434.843847,4.354172,5.264134
97.800668,-433.838586,4.267738,5.343957
97.869389,-432.832558,4.190716,5.414805
97.928565,-431.825918,4.123857,5.476207
97.979019,-430.818796,4.066935,5.528467
98.021549,-429.811299,4.019086,5.572431
98.056926,-428.803516,3.979258,5.609085
98.085887,-427.795516,3.946476,5.639224
98.109140,-426.787358,3.919848,5.663421
98.127352,-425.779084,3.898710,5.682192
98.141156,-424.770729,3.882630,5.696106
98.151146,-423.762319,3.871157,5.705796
98.157878,-422.753870,3.863742,5.711929
98.161871,-421.745398,3.859785,5.715183
98.163608,-420.736910,3.858637,5.716228
98.163531,-419.728412,3.859633,5.715689
98.162049,-418.719908,3.862137,5.714105
98.159529,-417.711399,3.865555,5.711915
98.156297,-416.702886,3.869357,5.709428
98.152638,-415.694370,3.873128,5.706817
98.148792,-414.685850,3.876585,5.704106
98.144958,-413.677327,3.879595,5.701246
98.141294,-412.668801,3.882244,5.698308
98.137923,-411.660273,3.884721,5.695523
98.134941,-410.651742,3.887006,5.693113
98.132420,-409.643210,3.888867,5.691209
98.130413,-408.634677,3.890114,5.689950
98.128958,-407.626143,3.890649,5.689556
98.128081,-406.617609,3.890401,5.690144
98.127795,-405.609076,3.889324,5.691491
98.128101,-404.600543,3.887353,5.693225
98.128991,-403.592011,3.884376,5.695166
98.130444,-402.583480,3.880414,5.697316
98.132426,-401.574949,3.875768,5.699731
98.134887,-400.566420,3.870822,5.702510
98.137757,-399.557892,3.865835,5.705773
98.140941,-398.549365,3.860971,5.709611
98.144309,-397.540841,3.856355,5.714049
98.147684,-396.532321,3.852076,5.719012
98.150830,-395.523804,3.848233,5.724290
98.153433,-394.515292,3.844976,5.729523
98.155095,-393.506787,3.842526,5.734174
98.155333,-392.498291,3.841218,5.737444
98.153571,-391.489808,3.841554,5.738398
98.149147,-390.481347,3.844215,5.736277
98.141308,-389.472921,3.850107,5.730488
98.129211,-388.464552,3.860443,5.720354
98.111933,-387.456272,3.876563,5.705026
98.088477,-386.448129,3.899611,5.683630
98.057786,-385.440191,3.930660,5.655353
98.018755,-384.432548,3.971128,5.619155
97.970235,-383.425317,4.022755,5.573431
97.911026,-382.418651,4.087143,5.516236
97.839867,-381.412741,4.165721,5.445813
97.755442,-380.407830,4.260022,5.360921
97.656384,-379.404213,4.371265,5.261144
97.541295,-378.402252,4.499271,5.147310
97.408759,-377.402383,4.640881,5.021795
97.257362,-376.405117,4.788902,4.888439
97.085718,-375.411053,4.933720,4.752000
96.892496,-374.420873,5.066386,4.617682
96.676449,-373.435343,5.181129,4.490685
96.436444,-372.455307,5.277187,4.375474
96.171497,-371.481673,5.357796,4.275226
95.880797,-370.515398,5.425299,4.191912
95.563736,-369.557464,5.478306,4.126535
95.219929,-368.608851,5.514257,4.079200
94.849219,-367.670511,5.532762,4.049345
94.451674,-366.743339,5.536668,4.036214
94.027539,-365.828170,5.531366,4.039383
93.577156,-364.925786,5.522547,4.058514
93.100910,-364.036942,5.510471,4.092917
92.599206,-363.162371,5.486783,4.141429
92.072466,-362.302788,5.440554,4.202527
91.521121,-361.458899,5.367607,4.274363
90.945626,-360.631392,5.274375,4.354878
90.346459,-359.820938,5.174507,4.441948
89.724119,-359.028191,5.079035,4.533577
89.079132,-358.253788,4.988051,4.627912
88.412051,-357.498345,4.893935,4.723340
87.723457,-356.762452,4.791459,4.818244
87.013963,-356.046668,4.681945,4.910935
86.284219,-355.351516,4.570954,4.999847
85.534909,-354.677469,4.465779,5.083694
84.766757,-354.024948,4.373545,5.161498
83.980523,-353.394306,4.298526,5.232502
83.177003,-352.785828,4.240323,5.296139
82.357018,-352.199720,4.194811,5.352125
81.521416,-351.636106,4.157068,5.400454
80.671060,-351.095029,4.123980,5.441290
79.806818,-350.576449,4.094325,5.474939
78.929561,-350.080244,4.066568,5.501887
78.040152,-349.606215,4.037853,5.522744
77.139436,-349.154092,4.006080,5.538105
76.228241,-348.723536,3.971954,5.548561
75.307366,-348.314148,3.938418,5.554700
74.377579,-347.925476,3.909017,5.556900
73.439613,-347.557022,3.886900,5.555258
72.494164,-347.208247,3.874141,5.549900
71.541888,-346.878584,3.871114,5.541379
70.583400,-346.567437,3.876494,5.530879
69.619278,-346.274197,3.888159,5.520068
68.650054,-345.998238,3.904054,5.510868
67.676225,-345.738931,3.922355,5.505115
66.698248,-345.495643,3.940974,5.504139
65.716544,-345.267745,3.957032,5.508576
64.731499,-345.054612,3.967239,5.518392
63.743465,-344.855630,3.969210,5.532943
62.752763,-344.670196,3.962663,5.551136
61.759687,-344.497720,3.949654,5.571567
60.764501,-344.337629,3.933575,5.592499
59.767446,-344.189367,3.917613,5.611990
58.768738,-344.052396,3.903892,5.628248
57.768574,-343.926196,3.893596,5.639859
56.767130,-343.810269,3.887528,5.645884
55.764563,-343.704135,3.886434,5.645909
54.761016,-343.607335,3.890771,5.639900
53.756616,-343.519430,3.900362,5.628045
52.751476,-343.440000,3.914483,5.610799
51.745699,-343.368645,3.932218,5.588939
50.739375,-343.304985,3.952827,5.563466
49.732584,-343.248660,3.975969,5.535387
48.725399,-343.199326,4.001666,5.505479
47.717883,-343.156659,4.030088,5.474308
46.710093,-343.120352,4.061372,5.442374
45.702080,-343.090114,4.095603,5.410018
44.693889,-343.065670,4.132757,5.377260
43.685559,-343.046759,4.172623,5.343787
42.677126,-343.033135,4.214715,5.309086
41.668621,-343.024564,4.258256,5.272664
40.660072,-343.020826,4.302472,5.234258
39.651502,-343.021713,4.346824,5.193877
38.642935,-343.027027,4.391041,5.151739
37.634388,-343.036582,4.435131,5.108227
36.625879,-343.050202,4.479213,5.063792
35.617423,-343.067720,4.523189,5.018837
34.609031,-343.088979,4.566649,4.973695
33.600717,-343.113829,4.609097,4.928747
32.592489,-343.142130,4.650143,4.884474
31.584357,-343.173748,4.689540,4.841384
30.576327,-343.208559,4.727212,4.799933
29.568407,-343.246443,4.763044,4.760424
28.560601,-343.287289,4.796737,4.722979
27.552915,-343.330990,4.827990,4.687857
26.545352,-343.377448,4.856572,4.655785
25.537916,-343.426568,4.882245,4.627683
24.530611,-343.478261,4.904787,4.604196
23.523438,-343.532445,4.923968,4.585656
22.516400,-343.589042,4.939547,4.572210
21.509497,-343.647977,4.951270,4.563744
20.502733,-343.709182,4.959044,4.559772
19.496108,-343.772592,4.963165,4.559477
18.489623,-343.838148,4.964146,4.561905
17.483279,-343.905793,4.962481,4.566093
16.477076,-343.975474,4.958544,4.571258
15.471016,-344.047143,4.952467,4.576940
14.465100,-344.120756,4.944246,4.582997
13.459327,-344.196270,4.933973,4.589590
12.453699,-344.273648,4.921811,4.597209
11.448217,-344.352856,4.907957,4.606701
10.442881,-344.433861,4.892613,4.619244
9.437692,-344.516637,4.875761,4.635953
8.432652,-344.601159,4.857059,4.657437
7.427762,-344.687404,4.836129,4.683690
6.423022,-344.775354,4.812778,4.714228
5.418435,-344.864992,4.786986,4.748240
4.414003,-344.956302,4.758898,4.784681
3.409726,-345.049274,4.728808,4.822355
2.405607,-345.143895,4.697142,4.860052
1.401647,-345.240155,4.664494,4.896668
0.397849,-345.338047,4.631629,4.931386
-0.605785,-345.437561,4.599323,4.963720
-1.609254,-345.538690,4.568158,4.993525
-2.612556,-345.641425,4.538505,5.021176
-3.615689,-345.745757,4.510432,5.047414
-4.618651,-345.851676,4.483541,5.072879
-5.621442,-345.959171,4.457183,5.098091
-6.624059,-346.068231,4.430826,5.123604
-7.626503,-346.178842,4.404122,5.149855
-8.628772,-346.290990,4.376843,5.177014
-9.630866,-346.404660,4.348966,5.204997
-10.632784,-346.519835,4.320700,5.233527
-11.634527,-346.636497,4.292423,5.262130
-12.636094,-346.754629,4.264640,5.290199
-13.637486,-346.874211,4.237859,5.317141
-14.638703,-346.995223,4.212405,5.342460
-15.639746,-347.117644,4.188430,5.365907
-16.640616,-347.241453,4.165996,5.387622
-17.641314,-347.366629,4.145105,5.407886
-18.641841,-347.493148,4.125721,5.426800
-19.642199,-347.620988,4.107831,5.444312
-20.642388,-347.750127,4.091555,5.460364
-21.642410,-347.880541,4.077069,5.474915
-22.642267,-348.012208,4.064240,5.487948
-23.641960,-348.145103,4.052519,5.499504
-24.641492,-348.279204,4.041362,5.509662
-25.640864,-348.414487,4.030519,5.518514
-26.640078,-348.550929,4.019937,5.526152
-27.639136,-348.688507,4.009693,5.532670
-28.638039,-348.827198,4.000051,5.538133
-29.636791,-348.966980,3.991450,5.542581
-30.635393,-349.107829,3.984360,5.546036
-31.633847,-349.249724,3.979201,5.548486
-32.632156,-349.392642,3.976329,5.549875
-33.630321,-349.536562,3.975971,5.550150
-34.628344,-349.681463,3.978124,5.549297
-35.626229,-349.827322,3.982399,5.547323
-36.623976,-349.974120,3.988084,5.544279
-37.621589,-350.121835,3.994640,5.540238
-38.619069,-350.270448,4.001961,5.535238
-39.616420,-350.419938,4.010068,5.529281
-40.613642,-350.570286,4.018909,5.522388
-41.610738,-350.721472,4.028497,5.514600
-42.607710,-350.873477,4.038946,5.505941
-43.604562,-351.026282,4.050281,5.496432
-44.601294,-351.179867,4.062331,5.486111
-45.597910,-351.334215,4.074935,5.475018
-46.594411,-351.489307,4.088198,5.463161
-47.590801,-351.645124,4.102342,5.450526
-48.587080,-351.801648,4.117410,5.437119
-49.583253,-351.958860,4.133351,5.422990
-50.579320,-352.116744,4.150229,5.408192
-51.575285,-352.275279,4.168133,5.392737
-52.571150,-352.434449,4.187014,5.376600
-53.566917,-352.594235,4.206733,5.359772
-54.562590,-352.754619,4.227180,5.342284
-55.558170,-352.915582,4.248223,5.324189
-56.553660,-353.077106,4.269662,5.305533
-57.549064,-353.239172,4.291307,5.286352
-58.544383,-353.401762,4.313079,5.266670
-59.539620,-353.564856,4.335057,5.246486
-60.534779,-353.728436,4.357348,5.225777
-61.529863,-353.892482,4.379912,5.204525
-62.524873,-354.056974,4.402674,5.182754
-63.519815,-354.221892,4.425769,5.160506
-64.514690,-354.387215,4.449452,5.137802
-65.509502,-354.552924,4.473825,5.114669
-66.504254,-354.718996,4.498813,5.091147
-67.498949,-354.885411,4.524369,5.067268
-68.493592,-355.052145,4.550493,5.043066
-69.488186,-355.219178,4.577106,5.018578
-70.482735,-355.386485,4.604056,4.993820
-71.477242,-355.554043,4.631229,4.968796
-72.471711,-355.721829,4.658551,4.943528
-73.466146,-355.889818,4.685945,4.918071
-74.460553,-356.057984,4.713390,4.892449
-75.454934,-356.226302,4.740991,4.866660
-76.449294,-356.394746,4.768891,4.840733
-77.443638,-356.563288,4.797091,4.814727
-78.437970,-356.731901,4.825445,4.788697
-79.432295,-356.900557,4.853842,4.762689
-80.426618,-357.069227,4.882292,4.736701
-81.420944,-357.237881,4.910819,4.710700
-82.415278,-357.406488,4.939348,4.684670
-83.409625,-357.575018,4.967725,4.658611
-84.403991,-357.743438,4.995770,4.632518
-85.398380,-357.911715,5.023342,4.606396
-86.392800,-358.079816,5.050394,4.580265
-87.387254,-358.247705,5.076981,4.554155
-88.381751,-358.415348,5.103206,4.528101
-89.376294,-358.582706,5.129129,4.502140
-90.370891,-358.749742,5.154742,4.476322
-91.365548,-358.916417,5.180007,4.450726
-92.360272,-359.082693,5.204890,4.425446
-93.355068,-359.248527,5.229424,4.400589
-94.349943,-359.413879,5.253688,4.376275
-95.344905,-359.578707,5.277725,4.352567
-96.339959,-359.742967,5.301578,4.329421
-97.335113,-359.906615,5.325287,4.306780
-98.330374,-360.069607,5.348811,4.284670
-99.325748,-360.231896,5.372051,4.263164
-100.321242,-360.393437,5.394851,4.242365
-101.316864,-360.554182,5.416968,4.222377
-102.312620,-360.714082,5.438117,4.203260
-103.308518,-360.873087,5.458018,4.185052
-104.304564,-361.031147,5.476425,4.167841
-105.300766,-361.188210,5.493190,4.151744
-106.297132,-361.344223,5.508311,4.136876
-107.293667,-361.499132,5.521923,4.123312
-108.290380,-361.652880,5.534204,4.111051
-109.287278,-361.805411,5.545279,4.100035
-110.284368,-361.956665,5.555181,4.090243
-111.281657,-362.106583,5.563840,4.081744
-112.279154,-362.255102,5.571142,4.074645
-113.276864,-362.402157,5.577002,4.069039
-114.274796,-362.547683,5.581342,4.065000
-115.272957,-362.691613,5.584053,4.062582
-116.271354,-362.833876,5.585040,4.061842
-117.269995,-362.974400,5.584229,4.062899
-118.268886,-363.113111,5.581551,4.065908
-119.268035,-363.249932,5.576942,4.070986
-120.267449,-363.384784,5.570326,4.078191
-121.267134,-363.517586,5.561607,4.087524
-122.267098,-363.648253,5.550703,4.098988
-123.267347,-363.776700,5.537572,4.112652
-124.267888,-363.902837,5.522188,4.128647
-125.268725,-364.026574,5.504498,4.147140
-126.269865,-364.147818,5.484383,4.168302
-127.271312,-364.266473,5.461684,4.192277
-128.273072,-364.382442,5.436265,4.219165
-129.275149,-364.495624,5.408031,4.249047
-130.277545,-364.605919,5.376895,4.281996
-131.280265,-364.713222,5.342756,4.318070
-132.283309,-364.817430,5.305486,4.357315
-133.286680,-364.918435,5.265014,4.399775
-134.290378,-365.016130,5.221322,4.445519
-135.294401,-365.110406,5.174196,4.494683
-136.298749,-365.201155,5.123188,4.547458
-137.303419,-365.288265,5.068032,4.604024
-138.308407,-365.371627,5.008931,4.664547
-139.313708,-365.451132,4.946554,4.729218
-140.319315,-365.526668,4.881978,4.798181
-141.325221,-365.598127,4.816517,4.871467
-142.331416,-365.665402,4.751549,4.949051
-143.337890,-365.728387,4.688450,5.030903
-144.344631,-365.786976,4.628479,5.117139
-145.351625,-365.841068,4.572645,5.208109
-146.358858,-365.890562,4.521565,5.303788
-147.366312,-365.935361,4.475203,5.403244
-148.373970,-365.975370,4.432762,5.505355
-149.381813,-366.010496,4.392811,5.609458
-150.389819,-366.040649,4.353887,5.715091
-151.397967,-366.065741,4.315199,5.821793
-152.406233,-366.085686,4.276634,5.929219
-153.414591,-366.100402,4.238257,6.037065
-154.423017,-366.109806,4.200143,6.144669
-155.431482,-366.113822,4.162625,6.250878
-156.439957,-366.112371,4.126406,6.354675
-157.448412,-366.105381,4.092270,6.455564
-158.456817,-366.092780,4.060822,6.553339
-159.465137,-366.074500,4.032470,6.647871
-160.473341,-366.050474,4.007397,6.738904
-161.481392,-366.020641,3.985482,6.826299
-162.489256,-365.984942,3.966345,6.910276
-163.496896,-365.943320,3.949653,6.990924
-164.504273,-365.895724,3.935104,7.068051
-165.511351,-365.842104,3.922320,7.141718
-166.518089,-365.782416,3.910850,7.212225
-167.524449,-365.716618,3.900356,7.279532
-168.530390,-365.644671,3.890568,7.343122
-169.535871,-365.566542,3.881108,7.402726
-170.540850,-365.482199,3.871778,7.458368
-171.545288,-365.391615,3.863053,7.510213
-172.549141,-365.294766,3.856035,7.558651
-173.552368,-365.191633,3.851984,7.604194
-174.554926,-365.082201,3.851756,7.647278
-175.556775,-364.966457,3.855624,7.688096
-176.557873,-364.844394,3.863841,7.726381
-177.558178,-364.716010,3.877089,7.761581
-178.557649,-364.581307,3.896195,7.793214
-179.556248,-364.440290,3.921820,7.820958
-180.553933,-364.292970,3.954301,7.844712
-181.550667,-364.139362,3.993409,7.864554
-182.546412,-363.979486,4.038658,7.880495
-183.541132,-363.813365,4.090178,7.892467
-184.534791,-363.641028,4.148729,7.900513
-185.527355,-363.462508,4.214483,7.904921
-186.518791,-363.277839,4.286441,7.906381
-187.509068,-363.087062,4.363435,7.905944
-188.498155,-362.890220,4.444909,7.904537
-189.486023,-362.687357,4.530225,7.902672
-190.472646,-362.478523,4.617831,7.900496
-191.457995,-362.263769,4.705291,7.897867
-192.442047,-362.043146,4.789994,7.894525
-193.424777,-361.816711,4.870305,7.890113
-194.406162,-361.584518,4.946134,7.883868
-195.386182,-361.346627,5.018137,7.874540
-196.364816,-361.103097,5.086755,7.860168
-197.342046,-360.853992,5.152092,7.837842
-198.317855,-360.599375,5.214149,7.804965
-199.292227,-360.339313,5.272886,7.760634
-200.265150,-360.073876,5.328234,7.705018
-201.236611,-359.803137,5.380122,7.638743
-202.206600,-359.527170,5.428485,7.563071
-203.175112,-359.246054,5.473261,7.479589
-204.142139,-358.959871,5.514391,7.390548
-205.107679,-358.668703,5.551820,7.299075
-206.071730,-358.372638,5.585502,7.207886
-207.034294,-358.071765,5.615398,7.119024
-207.995373,-357.766176,5.641475,7.034576
-208.954972,-357.455964,5.663710,6.956141
-209.913100,-357.141226,5.682078,6.884285
-210.869764,-356.822060,5.696569,6.818950
-211.824977,-356.498566,5.707188,6.759726
-212.778751,-356.170846,5.713866,6.705884
-213.731104,-355.839006,5.716382,6.656781
-214.682051,-355.503152,5.714629,6.612188
-215.631614,-355.163395,5.708841,6.572027
-216.579815,-354.819846,5.699365,6.536112
-217.526679,-354.472620,5.686374,6.504248
-218.472233,-354.121837,5.669930,6.476296
-219.416508,-353.767616,5.650110,6.452128
-220.359535,-353.410084,5.627004,6.431653
-221.301350,-353.049367,5.600705,6.414723
-222.241992,-352.685598,5.571314,6.401077
-223.181500,-352.318912,5.538945,6.390524
-224.119918,-351.949446,5.503717,6.382969
-225.057293,-351.577343,5.465758,6.378236
-225.993673,-351.202748,5.425204,6.376099
-226.929109,-350.825810,5.382196,6.376376
-227.863655,-350.446680,5.336886,6.378884
-228.797369,-350.065512,5.289425,6.383413
-229.730308,-349.682463,5.239964,6.389820
-230.662533,-349.297694,5.188661,6.397984
-231.594108,-348.911363,5.135660,6.407697
-232.525096,-348.523636,5.081065,6.418786
-233.455563,-348.134674,5.025037,6.431149
-234.385577,-347.744642,4.967842,6.444561
-235.315205,-347.353704,4.909714,6.458730
-236.244515,-346.962023,4.850858,6.473496
-237.173574,-346.569758,4.791585,6.488771
-238.102449,-346.177068,4.732125,6.504403
-239.031206,-345.784111,4.672471,6.520203
-239.959912,-345.391043,4.612711,6.536023
-240.888641,-344.998036,4.553107,6.551742
-241.817475,-344.605286,4.493551,6.567211
-242.746507,-344.213013,4.433455,6.582219
-243.675843,-343.821469,4.372370,6.596541
-244.605602,-343.430942,4.310428,6.609996
-245.535921,-343.041759,4.248326,6.622407
-246.466952,-342.654295,4.187102,6.633505
-247.398866,-342.268978,4.127743,6.642922
-248.331856,-341.886295,4.070926,6.650215
-249.266135,-341.506810,4.017300,6.654860
-250.201943,-341.131163,3.967779,6.656251
-251.139540,-340.760084,3.923371,6.653688
-252.079209,-340.394407,3.885074,6.646323
-253.021259,-340.035080,3.853967,6.633156
-253.966021,-339.683185,3.831186,6.613111
-254.913847,-339.339955,3.817968,6.584999
-255.865110,-339.006793,3.816047,6.547356
-256.820200,-338.685296,3.828048,6.498435
-257.779518,-338.377271,3.857239,6.436318
-258.743467,-338.084764,3.907045,6.358862
-259.712433,-337.810077,3.980990,6.263753
-260.686770,-337.555792,4.082539,6.148785
-261.666763,-337.324788,4.214837,6.011952
-262.652586,-337.120259,4.379461,5.851837
-263.644244,-336.945715,4.572619,5.668670
-264.641495,-336.804978,4.782507,5.464927
-265.643760,-336.702144,4.993149,5.245218
-266.650022,-336.641521,5.192149,5.016905
-267.658717,-336.627521,5.373745,4.790927
-268.667649,-336.664507,5.534876,4.580130
-269.673926,-336.756588,5.672331,4.395553
-270.673962,-336.907385,5.782646,4.243745
-271.663535,-337.119813,5.862905,4.126211
-272.637933,-337.395835,5.914767,4.041869
-273.592195,-337.736224,5.946431,3.989175
-274.521391,-338.140506,5.966408,3.965472
-275.420789,-338.607211,5.976756,3.968374
-276.285923,-339.134160,5.972882,3.998051
-277.112814,-339.718400,5.945595,4.057415
-277.898253,-340.356145,5.886089,4.150369
-278.639999,-341.042943,5.792316,4.279649
-279.336837,-341.773950,5.667930,4.445326
-279.988539,-342.544201,5.518188,4.642873
-280.595743,-343.348856,5.349813,4.861463
-281.159813,-344.183357,5.165925,5.084872
-281.682694,-345.043521,4.965849,5.296227
-282.166757,-345.925597,4.755536,5.483963
-282.614650,-346.826280,4.550466,5.643688
-283.029168,-347.742700,4.366406,5.775743
-283.413154,-348.672389,4.212355,5.882625
-283.769415,-349.613237,4.090254,5.967788
-284.100664,-350.563449,3.996968,6.034919
-284.409476,-351.521503,3.927659,6.086948
-284.698264,-352.486112,3.878082,6.125305
-284.969259,-353.456190,3.844750,6.150304
-285.224503,-354.430822,3.824824,6.162400
-285.465844,-355.409241,3.815926,6.163324
-285.694943,-356.390808,3.815886,6.156210
-285.913272,-357.374993,3.822771,6.144631
-286.122133,-358.361358,3.834884,6.131152
-286.322660,-359.349545,3.850527,6.116320
-286.515844,-360.339261,3.867949,6.099023
-286.702541,-361.330266,3.885863,6.077989
-286.883488,-362.322367,3.903592,6.052737
-287.059321,-363.315408,3.920568,6.023513
-287.230580,-364.309259,3.936258,5.990981
-287.397728,-365.303817,3.950458,5.955951
-287.561154,-366.298998,3.963160,5.919137
-287.721184,-367.294732,3.974174,5.881205
-287.878088,-368.290964,3.983389,5.842727
-288.032087,-369.287649,3.990806,5.803714
-288.183354,-370.284750,3.996188,5.763488
-288.332024,-371.282239,3.999387,5.721532
-288.478196,-372.280094,4.000587,5.678072
-288.621932,-373.278298,3.999946,5.633499
-288.763265,-374.276841,3.997426,5.587851
-288.902199,-375.275717,3.992985,5.541056
-289.038708,-376.274922,3.986578,5.493134
-289.172744,-377.274458,3.978125,5.444087
-289.304231,-378.274329,3.967890,5.393934
-289.433070,-379.274542,3.956325,5.342853
-289.559138,-380.275106,3.943758,5.291133
-289.682291,-381.276032,3.930678,5.238996
-289.802363,-382.277331,3.917644,5.186629
-289.919167,-383.279017,3.904679,5.134427
-290.032498,-384.281104,3.891339,5.082931
-290.142129,-385.283604,3.877859,5.032412
-290.247815,-386.286531,3.865631,4.982812
-290.349296,-387.289897,3.856313,4.934120
-290.446294,-388.293712,3.850924,4.886578
-290.538514,-389.297985,3.849506,4.840478
-290.625649,-390.302719,3.851800,4.795976
-290.707380,-391.307917,3.857891,4.753052
-290.783376,-392.313575,3.867957,4.711356
-290.853302,-393.319686,3.882228,4.670134
-290.916816,-394.326234,3.901090,4.628919
-290.973579,-395.333199,3.925126,4.588080
-291.023250,-396.340554,3.954947,4.548139
-291.065495,-397.348262,3.990604,4.509268
-291.099983,-398.356282,4.031951,4.471800
-291.126393,-399.364562,4.079281,4.436218
-291.144411,-400.373043,4.132556,4.402437
-291.153735,-401.381659,4.191550,4.370029
-291.154072,-402.390334,4.257094,4.339128
-291.145144,-403.398988,4.330232,4.310376
-291.126683,-404.407528,4.411387,4.284071
-291.098437,-405.415859,4.501655,4.259916
-291.060167,-406.423876,4.602773,4.237399
-291.011651,-407.431468,4.715772,4.215887
-290.952679,-408.438519,4.841284,4.194500
-290.883060,-409.444905,4.980020,4.172297
-290.802618,-410.450501,5.132388,4.148530
-290.711193,-411.455172,5.298990,4.122924
-290.608644,-412.458785,5.480949,4.096045
-290.494847,-413.461199,5.679809,4.069303
-290.369697,-414.462272,5.897584,4.044609
-290.233109,-415.461863,6.133962,4.024222
-290.085016,-416.459827,6.382843,4.010561
-289.925373,-417.456021,6.633349,4.006133
-289.754157,-418.450302,6.875082,4.013825
-289.571367,-419.442530,7.098834,4.035949
-289.377025,-420.432568,7.289261,4.072047
-289.171170,-421.420284,7.428734,4.119193
-288.953863,-422.405548,7.508249,4.175084
-288.725182,-423.388239,7.523619,4.239757
-288.485220,-424.368237,7.474073,4.314888
-288.234086,-425.345432,7.366422,4.402884
-287.971904,-426.319718,7.210225,4.506017
-287.698809,-427.290998,7.018294,4.625125
-287.414946,-428.259181,6.808864,4.758972
-287.120471,-429.224181,6.598507,4.904621
-286.815548,-430.185922,6.397925,5.057955
-286.500347,-431.144334,6.209675,5.214311
-286.175045,-432.099352,6.029648,5.369007
-285.839822,-433.050921,5.854999,5.517873
-285.494865,-433.998991,5.686582,5.658310
-285.140363,-434.943518,5.525555,5.789700
-284.776510,-435.884466,5.372536,5.912705
-284.403501,-436.821806,5.229231,6.028463
-284.021534,-437.755513,5.098090,6.137984
-283.630812,-438.685572,4.980459,6.241781
-283.231537,-439.611971,4.877490,6.340002
-282.823912,-440.534708,4.792355,6.432637
-282.408146,-441.453785,4.728187,6.519572
-281.984443,-442.369210,4.683486,6.600624
-281.553012,-443.280998,4.652204,6.675657
-281.114061,-444.189169,4.627351,6.744689
-280.667797,-445.093748,4.602589,6.807876
-280.214428,-445.994767,4.572444,6.865444
-279.754161,-446.892261,4.532552,6.917696
-279.287200,-447.786272,4.480948,6.965000
-278.813751,-448.676843,4.419550,7.007696
-278.334014,-449.564023,4.352910,7.046104
-277.848188,-450.447865,4.286182,7.080607
-277.356468,-451.328423,4.224045,7.111563
-276.859045,-452.205753,4.169503,7.139301
-276.356106,-453.079915,4.123234,7.164564
-275.847832,-453.950969,4.084035,7.188257
-275.334401,-454.818975,4.050192,7.210151
-274.815985,-455.683997,4.020734,7.229108
-274.292749,-456.546097,3.995329,7.244895
-273.764855,-457.405337,3.973620,7.258238
-273.232457,-458.261780,3.955238,7.269574
-272.695706,-459.115486,3.940003,7.278932
-272.154743,-459.966518,3.927702,7.286419
-271.609707,-460.814933,3.917995,7.292214
-271.060728,-461.660792,3.910565,7.296501
-270.507933,-462.504149,3.905196,7.299510
-269.951441,-463.345061,3.901650,7.301472
-269.391365,-464.183580,3.899591,7.302528
-268.827813,-465.019757,3.898804,7.302658
-268.260886,-465.853640,3.899328,7.301647
-267.690682,-466.685276,3.901368,7.299128
-267.117289,-467.514708,3.905173,7.294786
-266.540793,-468.341977,3.910861,7.288550
-265.961273,-469.167122,3.918305,7.280594
-265.378801,-469.990178,3.927233,7.271217
-264.793448,-470.811179,3.937341,7.260775
-264.205275,-471.630154,3.948352,7.249696
-263.614343,-472.447131,3.959993,7.238427
-263.020703,-473.262135,3.972011,7.227302
-262.424405,-474.075188,3.984255,7.216423
-261.825494,-474.886309,3.996675,7.205696
-261.224009,-475.695515,4.009257,7.194920
-260.619989,-476.502821,4.022051,7.183869
-260.013464,-477.308238,4.035142,7.172393
-259.404463,-478.111776,4.048556,7.160513
-258.793013,-478.913441,4.062203,7.148392
-258.179135,-479.713239,4.075931,7.136217
-257.562848,-480.511172,4.089589,7.124136
-256.944170,-481.307242,4.103047,7.112267
-256.323115,-482.101448,4.116200,7.100689
-255.699695,-482.893787,4.129031,7.089392
-255.073920,-483.684257,4.141674,7.078232
-254.445799,-484.472852,4.154431,7.066941
-253.815339,-485.259567,4.167671,7.055204
-253.182547,-486.044394,4.181721,7.042690
-252.547427,-486.827327,4.196857,7.029032
-251.909985,-487.608357,4.213245,7.013903
-251.270224,-488.387477,4.230890,6.997125
-250.628147,-489.164678,4.249709,6.978685
-249.983759,-489.939951,4.269616,6.958741
-249.337064,-490.713288,4.290460,6.937649
-248.688064,-491.484681,4.311952,6.915928
-248.036766,-492.254122,4.333681,6.894127
-247.383172,-493.021604,4.355144,6.872752
-246.727290,-493.787120,4.375739,6.852294
-246.069126,-494.550664,4.394823,6.833150
-245.408686,-495.312232,4.411916,6.815443
-244.745979,-496.071819,4.426818,6.799006
-244.081013,-496.829420,4.439559,6.783547
-243.413798,-497.585033,4.450358,6.768804
-242.744344,-498.338655,4.459629,6.754580
-242.072663,-499.090286,4.467974,6.740776
-241.398766,-499.839925,4.476067,6.727427
-240.722665,-500.587571,4.484499,6.714654
-240.044375,-501.333225,4.493741,6.702530
-239.363909,-502.076890,4.504144,6.691013
-238.681282,-502.818568,4.515911,6.679967
-237.996509,-503.558261,4.529070,6.669205
-237.309606,-504.295974,4.543533,6.658459
-236.620590,-505.031710,4.559232,6.647329
-235.929476,-505.765475,4.576136,6.635360
-235.236282,-506.497274,4.594162,6.622172
-234.541027,-507.227113,4.613225,6.607482
-233.843727,-507.954999,4.633353,6.591079
-233.144402,-508.680940,4.654620,6.572904
-232.443070,-509.404944,4.677059,6.553127
-231.739751,-510.127018,4.700666,6.532122
-231.034463,-510.847172,4.725422,6.510388
-230.327228,-511.565415,4.751204,6.488525
-229.618064,-512.281758,4.777731,6.467172
-228.906993,-512.996212,4.804622,6.446845
-228.194036,-513.708786,4.831435,6.427831
-227.479214,-514.419494,4.857649,6.410231
-226.762548,-515.128347,4.882752,6.393965
-226.044059,-515.835358,4.906453,6.378700
-225.323771,-516.540540,4.928713,6.363898
-224.601704,-517.243908,4.949628,6.349002
-223.877882,-517.945474,4.969324,6.333573
-223.152326,-518.645255,4.987973,6.317301
-222.425060,-519.343264,5.005769,6.300050
-221.696107,-520.039517,5.022805,6.281940
-220.965489,-520.734030,5.039057,6.263323
-220.233230,-521.426820,5.054484,6.244661
-219.499352,-522.117903,5.069043,6.226473
-218.763879,-522.807295,5.082624,6.209331
-218.026835,-523.495016,5.095104,6.193737
-217.288243,-524.181081,5.106513,6.179939
-216.548126,-524.865509,5.117059,6.167923
-215.806508,-525.548319,5.126948,6.157552
-215.063413,-526.229530,5.136223,6.148672
-214.318864,-526.909159,5.144817,6.141099
-213.572884,-527.587226,5.152662,6.134587
-212.825498,-528.263752,5.159646,6.128938
-212.076728,-528.938755,5.165581,6.124148
-211.326599,-529.612256,5.170312,6.120356
-210.575133,-530.284274,5.173788,6.117700
-209.822355,-530.954830,5.176019,6.116310
-209.068286,-531.623945,5.177106,6.116285
-208.312952,-532.291639,5.177338,6.117590
-207.556375,-532.957934,5.177149,6.120035
-206.798577,-533.622850,5.176887,6.123406
-206.039583,-534.286408,5.176634,6.127517
-205.279414,-534.948631,5.176215,6.132178
-204.518094,-535.609538,5.175232,6.137224
-203.755645,-536.269153,5.173159,6.142526
-202.992090,-536.927496,5.169540,6.147969
-202.227450,-537.584588,5.164105,6.153493
-201.461749,-538.240453,5.156737,6.159156
-200.695007,-538.895111,5.147434,6.165107
-199.927248,-539.548584,5.136298,6.171548
-199.158492,-540.200894,5.123567,6.178754
-198.388761,-540.852063,5.109552,6.187078
-197.618076,-541.502113,5.094494,6.196880
-196.846459,-542.151065,5.078541,6.208427
-196.073931,-542.798942,5.061782,6.221829
-195.300512,-543.445765,5.044259,6.237056
-194.526223,-544.091556,5.026019,6.254004
-193.751084,-544.736336,5.007149,6.272553
-192.975115,-545.380128,4.987829,6.292533
-192.198337,-546.022951,4.968321,6.313729
-191.420769,-546.664830,4.948834,6.335905
-190.642431,-547.305783,4.929442,6.358804
-189.863342,-547.945833,4.910097,6.382140
-189.083521,-548.585001,4.890685,6.405597
-188.302986,-549.223308,4.871117,6.428847
-187.521758,-549.860774,4.851414,6.451589
-186.739853,-550.497421,4.831767,6.473526
-185.957291,-551.133269,4.812512,6.494401
-185.174088,-551.768338,4.794044,6.514070
-184.390264,-552.402648,4.776717,6.532532
-183.605835,-553.036221,4.760797,6.549897
-182.820818,-553.669075,4.746456,6.566325
-182.035231,-554.301230,4.733747,6.581965
-181.249091,-554.932706,4.722621,6.596915
-180.462413,-555.563522,4.712927,6.611179
-179.675214,-556.193698,4.704446,6.624666
-178.887511,-556.823251,4.696950,6.637231
-178.099318,-557.452202,4.690255,6.648717
-177.310652,-558.080568,4.684254,6.658974
-176.521528,-558.708367,4.678920,6.667881
-175.731960,-559.335618,4.674275,6.675353
-174.941965,-559.962338,4.670346,6.681346
-174.151555,-560.588545,4.667145,6.685865
-173.360746,-561.214256,4.664660,6.688975
-172.569552,-561.839488,4.662859,6.690779
-171.777987,-562.464258,4.661711,6.691394
-170.986063,-563.088583,4.661183,6.690948
-170.193795,-563.712479,4.661251,6.689575
-169.401196,-564.335961,4.661890,6.687398
-168.608278,-564.959046,4.663082,6.684522
-167.815054,-565.581749,4.664806,6.681037
-167.021537,-566.204086,4.667042,6.677015
-166.227738,-566.826071,4.669771,6.672511
-165.433671,-567.447719,4.672974,6.667565
-164.639345,-568.069044,4.676629,6.662197
-163.844773,-568.690061,4.680718,6.656418
-163.049966,-569.310783,4.685218,6.650237
-162.254935,-569.931225,4.690106,6.643667
-161.459690,-570.551399,4.695363,6.636727
-160.664242,-571.171318,4.700969,6.629436
-159.868602,-571.790996,4.706904,6.621813
-159.072779,-572.410444,4.713149,6.613874
-158.276782,-573.029676,4.719687,6.605638
-157.480623,-573.648702,4.726502,6.597120
-156.684309,-574.267535,4.733580,6.588340
-155.887850,-574.886185,4.740907,6.579315
-155.091256,-575.504665,4.748465,6.570065
-154.294533,-576.122984,4.756239,6.560603
-153.497691,-576.741153,4.764212,6.550945
-152.700738,-577.359183,4.772371,6.541106
-151.903683,-577.977084,4.780697,6.531091
-151.106531,-578.594864,4.789176,6.520908
-150.309292,-579.212535,4.797791,6.510574
-149.511972,-579.830104,4.806529,6.500110
-148.714578,-580.447580,4.815376,6.489542
-147.917118,-581.064973,4.824319,6.478890
-147.119597,-581.682290,4.833345,6.468175
-146.322022,-582.299540,4.842443,6.457419
-145.524400,-582.916730,4.851602,6.446647
-144.726736,-583.533868,4.860811,6.435877
-143.929035,-584.150961,4.870061,6.425122
-143.131304,-584.768017,4.879341,6.414391
-142.333548,-585.385041,4.888642,6.403695
-141.535772,-586.002041,4.897955,6.393054
-140.737982,-586.619022,4.907271,6.382483
-139.940181,-587.235992,4.916581,6.371982
-139.142375,-587.852957,4.925873,6.361548
-138.344569,-588.469923,4.935141,6.351188
-137.546767,-589.086894,4.944378,6.340912
-136.748974,-589.703878,4.953575,6.330726
-135.951193,-590.320880,4.962724,6.320627
-135.153431,-590.937905,4.971817,6.310610
-134.355690,-591.554958,4.980846,6.300674
-133.557974,-592.172045,4.989802,6.290822
-132.760288,-592.789171,4.998679,6.281057
-131.962634,-593.406340,5.007469,6.271379
-131.165018,-594.023557,5.016165,6.261782
-130.367442,-594.640826,5.024761,6.252263
-129.569910,-595.258153,5.033252,6.242828
-128.772426,-595.875541,5.041632,6.233493
-127.974992,-596.492995,5.049896,6.224275
-127.177611,-597.110518,5.058037,6.215181
-126.380287,-597.728114,5.066050,6.206217
-125.583022,-598.345787,5.073930,6.197389
-124.785820,-598.963541,5.081673,6.188706
-123.988683,-599.581378,5.089275,6.180173
-123.191613,-600.199304,5.096729,6.171795
-122.394614,-600.817319,5.104032,6.163579
-121.597687,-601.435428,5.111180,6.155531
-120.800835,-602.053634,5.118168,6.147656
-120.004060,-602.671938,5.124993,6.139959
-119.207364,-603.290345,5.131650,6.132444
-118.410749,-603.908855,5.138136,6.125117
-117.614217,-604.527473,5.144447,6.117983
-116.817770,-605.146200,5.150582,6.111044
-116.021410,-605.765037,5.156537,6.104303
-115.225137,-606.383989,5.162311,6.097766
-114.428955,-607.003055,5.167901,6.091436
-113.632863,-607.622238,5.173305,6.085315
-112.836865,-608.241540,5.178522,6.079406
-112.040959,-608.860961,5.183550,6.073711
-111.245149,-609.480505,5.188387,6.068230
-110.449435,-610.100171,5.193030,6.062961
-109.653818,-610.719962,5.197477,6.057907
-108.858298,-611.339877,5.201729,6.053067
-108.062877,-611.959919,5.205785,6.048441
-107.267556,-612.580088,5.209646,6.044029
-106.472335,-613.200385,5.213310,6.039828
-105.677214,-613.820810,5.216777,6.035837
-104.882194,-614.441365,5.220045,6.032055
-104.087276,-615.062048,5.223115,6.028479
-103.292459,-615.682862,5.225987,6.025107
-102.497744,-616.303806,5.228661,6.021935
-101.703131,-616.924880,5.231137,6.018964
-100.908621,-617.546083,5.233414,6.016192
-100.114212,-618.167418,5.235492,6.013617
-99.319905,-618.788881,5.237373,6.011236
-98.525700,-619.410475,5.239058,6.009048
-97.731597,-620.032198,5.240547,6.007051
-96.937594,-620.654049,5.241843,6.005244
-96.143692,-621.276029,5.242948,6.003626
-95.349890,-621.898135,5.243863,6.002194
-94.556188,-622.520369,5.244590,6.000946
-93.762584,-623.142728,5.245132,5.999879
-92.969079,-623.765212,5.245490,5.998991
-92.175671,-624.387820,5.245667,5.998284
-91.382359,-625.010550,5.245663,5.997752
-90.589142,-625.633402,5.245483,5.997393
-89.796020,-626.256373,5.245127,5.997204
-89.002991,-626.879463,5.244600,5.997182
-88.210054,-627.502669,5.243903,5.997323
-87.417207,-628.125991,5.243038,5.997622
-86.624450,-628.749426,5.242010,5.998076
-85.831781,-629.372973,5.240823,5.998682
-85.039198,-629.996629,5.239480,5.999435
-84.246700,-630.620394,5.237985,6.000332
-83.454285,-631.244264,5.236339,6.001367
-82.661952,-631.868237,5.234547,6.002537
-81.869699,-632.492312,5.232612,6.003837
-81.077523,-633.116485,5.230539,6.005261
-80.285424,-633.740755,5.228330,6.006808
-79.493399,-634.365120,5.225990,6.008473
-78.701445,-634.989575,5.223522,6.010255
-77.909562,-635.614120,5.220928,6.012150
-77.117747,-636.238750,5.218214,6.014155
-76.325997,-636.863463,5.215384,6.016266
-75.534310,-637.488257,5.212444,6.018480
-74.742685,-638.113128,5.209399,6.020796
-73.951118,-638.738074,5.206253,6.023209
-73.159607,-639.363091,5.203009,6.025717
-72.368151,-639.988175,5.199672,6.028314
-71.576745,-640.613325,5.196247,6.030996
-70.785387,-641.238536,5.192737,6.033761
-69.994076,-641.863805,5.189149,6.036605
-69.202808,-642.489128,5.185486,6.039525
-68.411580,-643.114503,5.181753,6.042516
-67.620389,-643.739925,5.177955,6.045572
-66.829233,-644.365391,5.174098,6.048689
-66.038109,-644.990897,5.170186,6.051862
-65.247014,-645.616440,5.166223,6.055086
-64.455944,-646.242014,5.162215,6.058354
-63.664897,-646.867618,5.158168,6.061661
-62.873870,-647.493246,5.154087,6.065002
-62.082858,-648.118895,5.149978,6.068371
-61.291860,-648.744560,5.145847,6.071763
-60.500872,-649.370238,5.141699,6.075170
-59.709891,-649.995924,5.137541,6.078588
-58.918913,-650.621614,5.133379,6.082011
-58.127934,-651.247303,5.129220,6.085432
-57.336952,-651.872989,5.125069,6.088847
-56.545964,-652.498665,5.120932,6.092249
-55.754964,-653.124327,5.116816,6.095632
-54.963951,-653.749972,5.112727,6.098987
-54.172920,-654.375595,5.108673,6.102309
-53.381868,-655.001190,5.104661,6.105591
-52.590791,-655.626754,5.100697,6.108826
-51.799685,-656.252281,5.096790,6.112006
-51.008547,-656.877766,5.092945,6.115124
-50.217371,-657.503204,5.089170,6.118172
-49.426155,-658.128591,5.085473,6.121141
-48.634894,-658.753921,5.081863,6.124024
-47.843584,-659.379188,5.078347,6.126812
-47.052220,-660.004386,5.074933,6.129498
-46.260799,-660.629512,5.071631,6.132073
-45.469315,-661.254558,5.068449,6.134528
-44.677764,-661.879519,5.065396,6.136855
-43.886141,-662.504389,5.062479,6.139045
-43.094442,-663.129161,5.059708,6.141087
-42.302662,-663.753831,5.057090,6.142973
-41.510796,-664.378392,5.054636,6.144695
-40.718839,-665.002837,5.052354,6.146245
-39.926787,-665.627160,5.050254,6.147615
-39.134634,-666.251356,5.048344,6.148797
-38.342374,-666.875416,5.046634,6.149783
-37.550004,-667.499335,5.045132,6.150563
-36.757517,-668.123106,5.043846,6.151129
-35.964909,-668.746722,5.042786,6.151471
-35.172174,-669.370177,5.041961,6.151580
-34.379306,-669.993464,5.041379,6.151448
-33.586301,-670.616574,5.041050,6.151062
-32.793153,-671.239503,5.040985,6.150412
-31.999855,-671.862242,5.041193,6.149489
-31.206404,-672.484784,5.041683,6.148285
-30.412792,-673.107122,5.042464,6.146789
-29.619015,-673.729249,5.043548,6.144993
-28.825066,-674.351157,5.044941,6.142886
-28.030941,-674.972839,5.046657,6.140458
-27.236632,-675.594287,5.048710,6.137697
-26.442135,-676.215494,5.051096,6.134595
-25.647443,-676.836453,5.053836,6.131141
-24.852551,-677.457155,5.056955,6.127323
-24.057452,-678.077592,5.060410,6.123134
-23.262141,-678.697758,5.064378,6.118562
-22.466612,-679.317645,5.069367,6.113598
